"Name","Labels"
"S2207.wav","Laughter|Speech"
"S2320.wav","Filler|Speech"
"S2661.wav","Filler|Laughter|Speech|Telephone"
"S2464.wav","Filler|Inside, small room|Speech|Telephone"
"S2307.wav","Filler|Speech|Telephone"
"S0296.wav","Laughter|Sniff|Speech"
"S2082.wav","Clicking|Filler|Speech"
"S1267.wav","Laughter|Speech"
"S2394.wav","Laughter|Speech"
"S0804.wav","Filler|Sniff|Speech"
"S2517.wav","Filler|Laughter|Sniff|Speech"
"S2306.wav","Filler|Sniff|Speech"
"S0212.wav","Filler|Speech"
"S1305.wav","Filler|Laughter|Speech|Telephone"
"S1699.wav","Clicking|Filler|Laughter|Inside, small room|Speech"
"S1847.wav","Filler|Speech"
"S2702.wav","Filler|Speech"
"S1884.wav","Filler|Male speech, man speaking|Narration, monologue|Speech"
"S2432.wav","Filler|Speech"
"S0787.wav","Filler|Speech"
"S1972.wav","Filler|Sniff|Speech"
"S1414.wav","Filler|Speech"
"S0077.wav","Filler|Speech"
"S0300.wav","Laughter|Sneeze|Speech|Telephone"
"S1665.wav","Filler|Laughter|Speech"
"S1321.wav","Filler|Laughter|Inside, small room|Speech"
"S0736.wav","Clicking|Filler|Speech"
"S1319.wav","Filler|Inside, small room|Speech"
"S0396.wav","Filler|Hiccup|Speech"
"S2727.wav","Filler|Speech"
"S0372.wav","Filler|Speech"
"S2150.wav","Filler|Laughter|Sniff|Speech"
"S0784.wav","Filler|Speech"
"S0792.wav","Filler|Laughter|Speech"
"S1283.wav","Clicking|Filler|Speech"
"S2395.wav","Laughter|Speech"
"S2194.wav","Filler|Laughter|Sniff|Speech"
"S0090.wav","Laughter|Speech"
"S0989.wav","Filler|Male speech, man speaking|Narration, monologue|Speech|Speech synthesizer"
"S1170.wav","Filler|Speech"
"S0467.wav","Filler|Inside, small room|Speech"
"S0570.wav","Clicking|Filler|Speech"
"S0207.wav","Laughter|Speech"
"S2375.wav","Filler|Speech|Telephone"
"S0014.wav","Laughter|Speech"
"S2543.wav","Filler|Speech"
"S1569.wav","Filler|Sniff|Speech|Telephone"
"S1603.wav","Filler|Inside, small room|Speech"
"S1143.wav","Filler|Laughter|Insect|Sniff|Speech"
"S0344.wav","Clicking|Filler|Inside, small room|Speech|Telephone"
"S0454.wav","Filler|Speech"
"S0235.wav","Filler|Laughter|Speech"
"S2095.wav","Filler|Inside, small room|Speech|Writing"
"S2191.wav","Chewing, mastication|Filler|Inside, small room|Speech"
"S1736.wav","Laughter|Speech|Telephone"
"S2499.wav","Filler|Speech"
"S0425.wav","Filler|Speech"
"S2503.wav","Filler|Laughter|Speech"
"S1068.wav","Filler|Speech|Telephone"
"S1475.wav","Filler|Narration, monologue|Speech"
"S0193.wav","Laughter|Sneeze|Speech"
"S2094.wav","Inside, small room|Laughter|Speech"
"S0773.wav","Filler|Sniff|Speech"
"S0252.wav","Filler|Speech"
"S0030.wav","Filler|Speech"
"S2030.wav","Filler|Sniff|Speech"
"S2091.wav","Filler|Speech"
"S0383.wav","Filler|Sniff|Speech"
"S1841.wav","Filler|Speech"
"S2087.wav","Filler|Male speech, man speaking|Narration, monologue|Speech"
"S1757.wav","Filler|Speech"
"S1330.wav","Laughter|Speech"
"S1743.wav","Filler|Speech"
"S1629.wav","Filler|Speech"
"S0479.wav","Clicking|Filler|Inside, small room|Speech"
"S1448.wav","Filler|Speech|Telephone"
"S2576.wav","Clicking|Filler|Speech"
"S2554.wav","Clicking|Filler|Speech"
"S2500.wav","Filler|Speech|Telephone"
"S2699.wav","Laughter|Sniff|Speech"
"S1944.wav","Cricket|Filler|Insect|Speech"
"S0244.wav","Hiccup|Laughter|Speech"
"S2610.wav","Biting|Chewing, mastication|Inside, small room|Laughter|Speech"
"S1722.wav","Hiccup|Laughter|Speech"
"S1186.wav","Filler|Speech"
"S0531.wav","Filler|Speech"
"S1730.wav","Filler|Speech"
"S2060.wav","Filler|Speech"
"S0390.wav","Laughter|Male speech, man speaking|Narration, monologue|Speech"
"S2249.wav","Filler|Speech|Telephone"
"S1835.wav","Filler|Speech"
"S0865.wav","Laughter|Speech"
"S2497.wav","Filler|Speech|Telephone"
"S0737.wav","Filler|Speech"
"S1382.wav","Filler|Speech"
"S0772.wav","Filler|Laughter|Sniff|Speech"
"S2532.wav","Filler|Laughter|Sniff|Speech|Telephone"
"S2523.wav","Cricket|Filler|Insect|Speech|Telephone"
"S0191.wav","Animal|Domestic animals, pets|Laughter|Speech"
"S1004.wav","Filler|Sniff|Speech"
"S1111.wav","Filler|Speech|Typing"
"S1027.wav","Clicking|Filler|Speech"
"S0651.wav","Filler|Speech"
"S0548.wav","Laughter|Speech"
"S1035.wav","Filler|Inside, small room|Speech"
"S2139.wav","Filler|Sniff|Speech"
"S0516.wav","Filler|Speech"
"S1956.wav","Filler|Speech"
"S0174.wav","Laughter|Speech|Telephone"
"S0835.wav","Filler|Male speech, man speaking|Narration, monologue|Speech"
"S0377.wav","Filler|Laughter|Speech"
"S2549.wav","Filler|Speech"
"S2437.wav","Laughter|Speech"
"S1963.wav","Filler|Speech"
"S1590.wav","Filler|Laughter|Speech"
"S0816.wav","Filler|Speech"
"S1402.wav","Filler|Laughter|Speech"
"S2182.wav","Filler|Speech"
"S1600.wav","Filler|Laughter|Sneeze|Speech"
"S0349.wav","Clicking|Filler|Inside, small room|Speech"
"S1208.wav","Clicking|Filler|Inside, small room|Speech"
"S1240.wav","Filler|Laughter|Speech"
"S0539.wav","Filler|Laughter|Insect|Speech"
"S2348.wav","Filler|Speech|Telephone"
"S0956.wav","Filler|Speech"
"S2097.wav","Filler|Speech|Telephone"
"S0058.wav","Filler|Speech"
"S1365.wav","Filler|Speech"
"S0895.wav","Filler|Speech|Telephone"
"S0910.wav","Filler|Speech"
"S1827.wav","Filler|Insect|Speech"
"S1184.wav","Cricket|Filler|Insect|Speech"
"S0274.wav","Filler|Speech"
"S2638.wav","Clicking|Filler|Laughter|Speech"
"S0262.wav","Filler|Laughter|Speech"
"S2122.wav","Filler|Speech"
"S1839.wav","Laughter|Speech"
"S2224.wav","Laughter"
"S1306.wav","Clicking|Filler|Speech"
"S2241.wav","Cough|Laughter|Speech"
"S0073.wav","Filler|Speech"
"S1426.wav","Cricket|Filler|Insect|Speech"
"S0231.wav","Filler|Male speech, man speaking|Narration, monologue|Speech|Telephone"
"S2006.wav","Filler|Laughter|Sneeze|Sniff|Speech"
"S0664.wav","Filler|Speech"
"S1009.wav","Filler|Speech"
"S2028.wav","Clicking|Filler|Speech"
"S0315.wav","Laughter|Sneeze|Sniff|Speech"
"S2053.wav","Filler|Speech|Telephone"
"S1752.wav","Laughter|Sneeze|Speech"
"S1647.wav","Filler|Speech|Telephone"
"S1397.wav","Filler|Speech|Telephone"
"S1259.wav","Filler|Laughter|Inside, small room|Sniff|Speech"
"S0786.wav","Filler|Speech"
"S0969.wav","Filler|Speech"
"S0828.wav","Filler|Sniff|Speech"
"S0120.wav","Cricket|Filler|Insect|Speech"
"S0069.wav","Filler|Inside, small room|Speech"
"S2414.wav","Laughter|Speech"
"S2666.wav","Filler|Speech|Telephone"
"S1802.wav","Filler|Speech|Whispering"
"S1316.wav","Filler|Laughter|Sniff|Speech"
"S1838.wav","Clicking|Filler|Speech"
"S1454.wav","Filler|Speech|Telephone"
"S0331.wav","Filler|Speech"
"S1727.wav","Laughter|Speech"
"S2604.wav","Hum|Laughter|Mains hum|Patter|Speech"
"S0886.wav","Filler|Speech|Telephone"
"S0225.wav","Filler|Speech"
"S2498.wav","Filler|Laughter|Speech|Telephone"
"S1017.wav","Filler|Inside, small room|Speech|Telephone"
"S1790.wav","Female speech, woman speaking|Filler|Narration, monologue|Speech"
"S1025.wav","Filler|Laughter|Speech"
"S2752.wav","Filler|Laughter|Sniff|Speech"
"S1686.wav","Filler|Speech"
"S0778.wav","Filler|Speech"
"S2706.wav","Laughter|Speech"
"S1975.wav","Filler|Insect|Speech"
"S0170.wav","Laughter|Sneeze|Speech"
"S1451.wav","Laughter|Narration, monologue|Speech|Telephone"
"S0299.wav","Filler|Inside, small room|Speech|Telephone"
"S1288.wav","Clicking|Filler|Inside, small room|Speech"
"S1279.wav","Filler|Inside, small room|Speech|Telephone"
"S0369.wav","Filler|Speech"
"S1381.wav","Filler|Speech"
"S1379.wav","Filler|Speech"
"S1928.wav","Filler|Insect|Speech"
"S2402.wav","Cough|Laughter|Speech"
"S0569.wav","Clicking|Filler|Speech"
"S2665.wav","Inside, small room|Laughter|Speech|Telephone"
"S0048.wav","Filler|Speech"
"S2506.wav","Filler|Laughter|Inside, small room|Speech|Telephone"
"S1265.wav","Hiccup|Laughter|Speech"
"S0203.wav","Filler|Male speech, man speaking|Speech"
"S1999.wav","Emergency vehicle|Filler|Police car (siren)|Siren|Speech"
"S0871.wav","Filler|Speech|Telephone"
"S1297.wav","Filler|Speech"
"S1510.wav","Filler|Laughter|Speech"
"S0107.wav","Filler|Speech"
"S1661.wav","Laughter|Speech|Telephone"
"S1820.wav","Clicking|Filler|Inside, small room|Speech|Telephone"
"S2231.wav","Filler|Inside, small room|Speech|Telephone"
"S1616.wav","Filler|Laughter|Speech|Telephone"
"S0513.wav","Laughter|Speech"
"S1060.wav","Filler|Speech"
"S1508.wav","Filler|Speech"
"S0259.wav","Filler|Speech"
"S0844.wav","Animal|Filler|Laughter|Hiccup|Speech"
"S2555.wav","Clicking|Filler|Inside, small room|Sniff|Speech"
"S2074.wav","Clicking|Filler|Inside, small room|Speech"
"S0769.wav","Clicking|Filler|Sniff|Speech"
"S1461.wav","Filler|Laughter|Narration, monologue|Speech"
"S2420.wav","Laughter|Speech|Telephone"
"S2589.wav","Filler|Speech"
"S2183.wav","Clicking|Filler|Speech"
"S0406.wav","Filler|Speech"
"S1905.wav","Filler|Speech"
"S0284.wav","Clicking|Filler|Sniff|Speech"
"S0350.wav","Filler|Laughter|Inside, small room|Sniff|Speech"
"S0731.wav","Clicking|Filler|Speech"
"S0061.wav","Filler|Speech|Telephone"
"S1843.wav","Filler|Speech"
"S0927.wav","Cricket|Filler|Insect|Speech"
"S1548.wav","Filler|Speech"
"S0480.wav","Filler|Laughter|Inside, small room|Sniff|Speech"
"S1552.wav","Filler|Laughter|Speech"
"S1229.wav","Filler|Speech|Whispering"
"S0630.wav","Filler|Sniff|Speech"
"S0405.wav","Filler|Speech"
"S1734.wav","Filler|Laughter|Hiccup|Speech"
"S0178.wav","Filler|Narration, monologue|Speech|Telephone"
"S2342.wav","Laughter|Speech|Telephone|Wheeze"
"S2415.wav","Laughter|Speech|Telephone"
"S1738.wav","Filler|Laughter|Speech"
"S1160.wav","Animal|Dog|Domestic animals, pets|Filler|Speech|Writing"
"S1788.wav","Filler|Speech"
"S1687.wav","Laughter|Speech|Telephone"
"S1278.wav","Filler|Speech|Telephone"
"S0017.wav","Laughter|Sniff|Speech"
"S1894.wav","Laughter|Speech"
"S1682.wav","Laughter|Sneeze|Sniff|Speech|Telephone"
"S2193.wav","Clicking|Filler|Inside, small room|Speech"
"S0257.wav","Filler|Speech"
"S2542.wav","Laughter|Sniff|Speech"
"S1430.wav","Filler|Speech"
"S2282.wav","Laughter|Speech|Telephone"
"S2583.wav","Laughter|Speech"
"S0679.wav","Animal|Filler|Speech"
"S2594.wav","Clicking|Filler|Laughter|Inside, small room|Speech"
"S0316.wav","Hiccup|Laughter|Sneeze|Sniff|Speech"
"S1469.wav","Filler|Inside, small room|Speech|Telephone"
"S0148.wav","Filler|Narration, monologue|Speech"
"S1969.wav","Filler|Insect|Speech"
"S0615.wav","Filler|Male speech, man speaking|Narration, monologue|Speech"
"S2696.wav","Clicking|Filler|Speech"
"S2343.wav","Filler|Speech"
"S1161.wav","Filler|Speech|Writing"
"S2404.wav","Laughter|Speech"
"S0062.wav","Clicking|Filler|Inside, small room|Speech"
"S1449.wav","Filler|Speech|Whispering"
"S1530.wav","Filler|Speech"
"S2032.wav","Filler|Speech"
"S2662.wav","Filler|Speech|Telephone"
"S0759.wav","Filler|Sniff|Speech"
"S2703.wav","Filler|Inside, small room|Speech|Telephone"
"S1375.wav","Filler|Speech|Telephone"
"S2052.wav","Filler|Speech|Telephone"
"S0733.wav","Filler|Speech"
"S0308.wav","Filler|Sniff|Speech|Whispering"
"S0197.wav","Laughter|Speech"
"S2199.wav","Laughter|Speech"
"S2429.wav","Laughter|Speech"
"S0751.wav","Filler|Speech"
"S2413.wav","Filler|Speech"
"S0223.wav","Filler|Speech|Telephone"
"S2381.wav","Laughter|Speech"
"S1226.wav","Clicking|Filler|Sniff|Speech"
"S1701.wav","Camera|Filler|Inside, small room|Speech"
"S1523.wav","Laughter|Sneeze|Speech"
"S0790.wav","Filler|Laughter|Speech"
"S0158.wav","Filler|Laughter|Sniff|Speech"
"S0837.wav","Filler|Male speech, man speaking|Narration, monologue|Speech|Speech synthesizer"
"S1393.wav","Clicking|Filler|Speech"
"S2679.wav","Laughter|Sneeze|Speech"
"S0690.wav","Filler|Laughter|Sniff|Speech"
"S0239.wav","Filler|Speech|Telephone"
"S0984.wav","Filler|Speech"
"S2068.wav","Animal|Clicking|Filler|Speech"
"S0587.wav","Filler|Speech"
"S0891.wav","Filler|Speech|Telephone"
"S0593.wav","Filler|Laughter|Speech"
"S1061.wav","Filler|Hiccup|Speech"
"S1307.wav","Filler|Speech"
"S2158.wav","Filler|Sniff|Speech"
"S1507.wav","Filler|Laughter|Speech"
"S0234.wav","Laughter|Male speech, man speaking|Narration, monologue|Speech"
"S2465.wav","Clicking|Filler|Speech"
"S1751.wav","Filler|Speech|Writing"
"S2263.wav","Insect|Laughter|Speech"
"S2308.wav","Filler|Speech"
"S1721.wav","Filler|Sniff|Speech"
"S0233.wav","Filler|Speech"
"S1842.wav","Filler|Speech"
"S0004.wav","Filler|Speech"
"S0270.wav","Filler|Narration, monologue|Speech"
"S2449.wav","Laughter|Speech"
"S1195.wav","Clicking|Filler|Inside, small room|Speech|Writing"
"S1855.wav","Clicking|Filler|Speech"
"S0820.wav","Filler|Speech"
"S1465.wav","Filler|Speech"
"S1935.wav","Cricket|Filler|Insect|Speech"
"S1380.wav","Filler|Speech"
"S2373.wav","Filler|Laughter|Speech|Telephone"
"S0818.wav","Filler|Speech"
"S0524.wav","Filler|Laughter|Speech"
"S2102.wav","Filler|Inside, small room|Speech|Whispering"
"S0964.wav","Filler|Speech|Telephone"
"S2513.wav","Filler|Laughter|Sniff|Speech"
"S0656.wav","Filler|Speech|Telephone"
"S1399.wav","Filler|Speech"
"S0960.wav","Filler|Laughter|Speech"
"S2212.wav","Filler|Speech"
"S1360.wav","Laughter|Sniff|Speech"
"S2129.wav","Filler|Sniff|Speech"
"S1565.wav","Filler|Speech"
"S0324.wav","Filler|Laughter|Sniff|Speech"
"S0494.wav","Filler|Inside, small room|Sniff|Speech|Telephone"
"S0028.wav","Filler|Speech|Telephone"
"S2504.wav","Laughter|Speech|Telephone"
"S2325.wav","Filler|Laughter|Speech"
"S0491.wav","Laughter|Sniff|Speech|Telephone"
"S1324.wav","Laughter|Speech"
"S2195.wav","Filler|Laughter|Speech"
"S2133.wav","Chewing, mastication|Filler|Inside, small room|Speech"
"S1513.wav","Filler|Insect|Speech|Telephone"
"S1551.wav","Filler|Sniff|Speech"
"S0603.wav","Filler|Speech"
"S0352.wav","Filler|Speech"
"S2502.wav","Filler|Speech|Telephone"
"S2637.wav","Clicking|Filler|Speech"
"S0060.wav","Filler|Inside, small room|Speech|Telephone"
"S2171.wav","Filler|Speech"
"S2649.wav","Computer keyboard|Laughter|Speech|Typing"
"S2045.wav","Laughter|Sniff|Speech"
"S1194.wav","Clicking|Filler|Speech"
"S1540.wav","Filler|Laughter|Speech"
"S2345.wav","Filler|Laughter|Sniff|Speech|Telephone|Wheeze"
"S0380.wav","Laughter|Speech"
"S2054.wav","Filler|Speech"
"S1248.wav","Filler|Laughter|Sniff|Speech"
"S2579.wav","Clicking|Filler|Hiccup|Speech"
"S0909.wav","Filler|Sniff|Speech"
"S0394.wav","Laughter|Speech"
"S2439.wav","Filler|Laughter|Hiccup|Speech"
"S1924.wav","Laughter|Speech"
"S2380.wav","Laughter"
"S2279.wav","Filler|Laughter|Speech|Telephone"
"S0805.wav","Laughter|Speech"
"S0532.wav","Filler|Insect|Speech"
"S2112.wav","Filler|Speech"
"S1493.wav","Filler|Narration, monologue|Speech"
"S2749.wav","Hiccup|Laughter|Speech"
"S0852.wav","Filler|Speech"
"S2374.wav","Filler|Speech|Telephone"
"S0131.wav","Clicking|Filler|Insect|Speech"
"S0705.wav","Filler|Sniff|Speech"
"S1570.wav","Filler|Laughter|Sniff|Speech"
"S1683.wav","Clicking|Filler|Inside, small room|Speech|Telephone"
"S2438.wav","Hiccup|Laughter|Speech"
"S1040.wav","Clicking|Filler|Speech"
"S1310.wav","Clicking|Filler|Speech"
"S0168.wav","Filler|Speech"
"S1672.wav","Laughter|Sneeze|Speech"
"S1840.wav","Filler|Speech"
"S0581.wav","Filler|Inside, small room|Speech"
"S2690.wav","Filler|Sniff|Speech"
"S0501.wav","Laughter|Sniff|Speech"
"S0002.wav","Inside, small room|Laughter|Speech|Telephone"
"S1003.wav","Filler|Speech"
"S1607.wav","Filler|Laughter|Speech"
"S2265.wav","Filler|Laughter|Speech"
"S1049.wav","Filler|Speech"
"S2093.wav","Clicking|Laughter|Sniff|Speech"
"S0933.wav","Filler|Laughter|Insect|Sneeze|Speech"
"S2566.wav","Filler|Speech"
"S2200.wav","Filler|Speech"
"S1573.wav","Filler|Laughter|Sniff|Speech"
"S0767.wav","Laughter|Speech"
"S1768.wav","Filler|Laughter|Speech"
"S0490.wav","Filler|Sniff|Speech|Telephone"
"S2370.wav","Laughter|Speech"
"S0700.wav","Filler|Speech"
"S1249.wav","Filler|Sniff|Speech"
"S1078.wav","Filler|Speech"
"S0713.wav","Filler|Speech"
"S1578.wav","Clicking|Filler|Inside, small room|Speech"
"S0776.wav","Filler|Speech|Telephone"
"S2010.wav","Cricket|Filler|Laughter|Insect|Speech"
"S2673.wav","Filler|Speech"
"S0036.wav","Filler|Speech"
"S2535.wav","Laughter|Sneeze|Speech"
"S2029.wav","Clicking|Filler|Speech"
"S2641.wav","Filler|Speech"
"S1897.wav","Laughter|Sniff|Speech"
"S2073.wav","Clicking|Filler|Speech"
"S0085.wav","Burping, eructation|Filler|Speech"
"S0232.wav","Filler|Laughter|Speech"
"S0499.wav","Filler|Sniff|Snort|Speech"
"S1122.wav","Filler|Speech"
"S1063.wav","Filler|Speech"
"S0006.wav","Filler|Laughter|Speech"
"S0673.wav","Filler|Speech"
"S1197.wav","Clicking|Filler|Inside, small room|Speech|Telephone"
"S1689.wav","Clicking|Filler|Speech"
"S2745.wav","Filler|Sniff|Speech"
"S2316.wav","Filler|Speech|Telephone"
"S1166.wav","Filler|Speech"
"S1621.wav","Filler|Laughter|Speech|Telephone"
"S1994.wav","Filler|Insect|Speech"
"S0179.wav","Laughter|Speech"
"S2411.wav","Hiccup|Laughter|Speech"
"S2204.wav","Laughter|Sneeze|Speech"
"S1602.wav","Filler|Speech"
"S0870.wav","Burping, eructation|Clicking|Filler|Inside, small room|Sniff|Speech"
"S1870.wav","Laughter|Male speech, man speaking|Narration, monologue|Speech|Speech synthesizer"
"S1300.wav","Filler|Speech|Telephone"
"S1270.wav","Filler|Laughter|Sniff|Speech|Telephone"
"S0556.wav","Filler|Speech"
"S0515.wav","Filler|Speech"
"S0825.wav","Filler|Inside, small room|Speech|Telephone"
"S0477.wav","Filler|Speech"
"S1357.wav","Filler|Sniff|Speech"
"S0453.wav","Filler|Speech"
"S1044.wav","Filler|Speech"
"S2324.wav","Filler|Laughter|Speech"
"S2256.wav","Laughter|Speech"
"S0338.wav","Laughter|Sniff|Speech"
"S2539.wav","Filler|Speech"
"S0959.wav","Filler|Insect|Speech"
"S2723.wav","Filler|Speech"
"S0689.wav","Filler|Inside, small room|Speech|Telephone"
"S0044.wav","Filler|Speech"
"S1468.wav","Laughter|Speech|Telephone"
"S0105.wav","Burping, eructation|Laughter|Speech"
"S2134.wav","Clicking|Filler|Sniff|Speech"
"S1372.wav","Filler|Speech"
"S0961.wav","Cricket|Filler|Insect|Speech"
"S2569.wav","Laughter|Speech"
"S0950.wav","Filler|Speech"
"S1076.wav","Camera|Filler|Inside, small room|Speech"
"S0746.wav","Filler|Sniff|Speech"
"S0072.wav","Filler|Sniff|Speech"
"S0493.wav","Clicking|Filler|Inside, small room|Speech"
"S1726.wav","Laughter|Sniff|Speech|Telephone"
"S2066.wav","Filler|Speech"
"S2283.wav","Filler|Laughter|Speech"
"S2266.wav","Filler|Laughter|Sniff|Speech"
"S1755.wav","Filler|Insect|Speech"
"S0607.wav","Filler|Speech"
"S0318.wav","Laughter|Speech"
"S0256.wav","Filler|Speech"
"S1572.wav","Filler|Speech"
"S1899.wav","Laughter|Male speech, man speaking|Speech"
"S0855.wav","Filler|Speech"
"S2378.wav","Filler|Laughter|Speech|Telephone"
"S0666.wav","Filler|Sniff|Speech"
"S0699.wav","Filler|Sniff|Speech"
"S0032.wav","Laughter"
"S0189.wav","Filler|Laughter|Speech"
"S1083.wav","Clicking|Filler|Speech"
"S1799.wav","Filler|Speech"
"S2436.wav","Hiccup|Laughter|Speech"
"S0735.wav","Filler|Speech"
"S1637.wav","Filler|Speech"
"S0470.wav","Hiccup|Laughter|Speech"
"S0265.wav","Filler|Speech"
"S1575.wav","Laughter|Speech"
"S2617.wav","Laughter|Speech"
"S1193.wav","Filler|Sniff|Speech"
"S1404.wav","Filler|Inside, small room|Speech"
"S1335.wav","Filler|Speech"
"S2582.wav","Laughter|Speech|Telephone"
"S1823.wav","Filler|Speech"
"S0321.wav","Laughter|Sniff|Speech"
"S1614.wav","Filler|Inside, small room|Sniff|Speech|Telephone"
"S2015.wav","Filler|Male speech, man speaking|Narration, monologue|Sniff|Speech"
"S2526.wav","Clicking|Filler|Inside, small room|Speech|Telephone"
"S0945.wav","Filler|Speech"
"S1445.wav","Filler|Speech"
"S1388.wav","Filler|Speech"
"S2366.wav","Filler|Inside, small room|Sniff|Speech"
"S2222.wav","Bird|Coo|Filler|Pigeon, dove|Speech"
"S2276.wav","Filler|Speech"
"S0392.wav","Filler|Laughter|Male speech, man speaking|Narration, monologue|Speech"
"S0652.wav","Laughter|Sneeze|Speech"
"S2713.wav","Filler|Speech|Telephone"
"S2257.wav","Filler|Laughter|Speech"
"S0966.wav","Laughter|Speech"
"S2196.wav","Filler|Speech"
"S0483.wav","Beep, bleep|Filler|Inside, small room|Smoke detector, smoke alarm|Speech"
"S0261.wav","Laughter|Sniff|Speech"
"S2109.wav","Clicking|Filler|Insect|Speech"
"S0903.wav","Clicking|Filler|Speech"
"S0339.wav","Filler|Speech|Whispering"
"S0925.wav","Arrow|Cricket|Filler|Speech"
"S1135.wav","Filler|Laughter|Speech"
"S1761.wav","Filler|Speech|Telephone"
"S2293.wav","Filler|Speech"
"S2759.wav","Filler|Speech"
"S0323.wav","Filler|Speech"
"S1239.wav","Filler|Narration, monologue|Speech"
"S2340.wav","Laughter|Speech|Telephone"
"S0720.wav","Filler|Speech"
"S0712.wav","Laughter|Sniff|Speech|Telephone"
"S0093.wav","Filler|Narration, monologue|Speech"
"S0648.wav","Filler|Speech"
"S1534.wav","Clicking|Filler|Speech"
"S0812.wav","Filler|Speech"
"S0102.wav","Burping, eructation|Chewing, mastication|Filler|Laughter|Speech"
"S1409.wav","Filler|Speech"
"S0504.wav","Filler|Sniff|Speech"
"S1023.wav","Filler|Laughter|Speech"
"S1611.wav","Filler|Laughter|Sneeze|Speech"
"S2237.wav","Clicking|Filler|Inside, small room|Speech"
"S0122.wav","Filler|Laughter|Speech"
"S0079.wav","Filler|Sniff|Speech|Telephone"
"S1400.wav","Laughter|Speech"
"S2740.wav","Laughter|Sneeze|Sniff|Speech"
"S2565.wav","Filler|Insect|Speech"
"S2574.wav","Laughter|Speech|Telephone"
"S1785.wav","Filler|Narration, monologue|Speech"
"S2234.wav","Filler|Speech"
"S1024.wav","Clicking|Filler|Laughter|Inside, small room|Sniff|Speech"
"S1708.wav","Fart|Filler|Speech"
"S1018.wav","Burping, eructation|Filler|Laughter|Speech"
"S1873.wav","Filler|Male speech, man speaking|Narration, monologue|Speech"
"S2509.wav","Filler|Speech"
"S2269.wav","Filler|Speech"
"S0684.wav","Filler|Inside, small room|Sniff|Speech"
"S1293.wav","Clicking|Filler|Speech"
"S0798.wav","Clicking|Filler|Speech"
"S0857.wav","Filler|Sniff|Speech"
"S0782.wav","Filler|Speech"
"S0209.wav","Burping, eructation|Laughter|Speech"
"S1282.wav","Filler|Speech"
"S1517.wav","Filler|Speech"
"S0064.wav","Filler|Speech"
"S1167.wav","Filler|Sniff|Speech"
"S0450.wav","Laughter|Speech|Telephone"
"S0942.wav","Filler|Laughter|Sniff|Speech"
"S1169.wav","Laughter|Speech"
"S2746.wav","Female speech, woman speaking|Filler|Narration, monologue|Speech"
"S0594.wav","Filler|Laughter|Speech"
"S0906.wav","Clicking|Filler|Speech"
"S1654.wav","Filler|Speech|Telephone"
"S0489.wav","Laughter|Sneeze|Speech"
"S2198.wav","Filler|Laughter|Speech"
"S1238.wav","Filler|Sniff|Speech"
"S0385.wav","Filler|Speech"
"S2108.wav","Clicking|Filler|Inside, small room|Speech"
"S2728.wav","Filler|Insect|Narration, monologue|Speech"
"S2103.wav","Filler|Laughter|Inside, small room|Speech"
"S2119.wav","Filler|Sniff|Speech"
"S1350.wav","Laughter|Speech"
"S2209.wav","Cricket|Filler|Insect|Speech"
"S1636.wav","Filler|Speech|Telephone"
"S0611.wav","Filler|Laughter|Speech"
"S1998.wav","Emergency vehicle|Filler|Police car (siren)|Siren|Speech"
"S0762.wav","Filler|Inside, small room|Sniff|Speech"
"S1851.wav","Filler|Speech"
"S0269.wav","Filler|Sniff|Speech"
"S0827.wav","Clicking|Filler|Speech"
"S0407.wav","Camera|Filler|Speech"
"S1728.wav","Filler|Laughter|Speech"
"S1825.wav","Filler|Laughter|Speech"
"S1502.wav","Laughter|Speech"
"S1108.wav","Laughter|Sneeze|Sniff|Speech"
"S2450.wav","Filler|Speech"
"S1095.wav","Filler|Speech"
"S0171.wav","Filler|Speech|Telephone"
"S0741.wav","Clicking|Filler|Speech"
"S1765.wav","Filler|Speech"
"S2214.wav","Filler|Laughter|Speech"
"S2719.wav","Filler|Speech"
"S0463.wav","Filler|Sniff|Speech"
"S2747.wav","Burping, eructation|Laughter|Sniff|Speech"
"S1101.wav","Filler|Speech"
"S1272.wav","Laughter|Speech"
"S1134.wav","Laughter|Speech"
"S1247.wav","Filler|Sniff|Speech"
"S1109.wav","Clicking|Filler|Speech"
"S2558.wav","Clicking|Filler|Speech"
"S2481.wav","Filler|Speech"
"S0381.wav","Laughter|Speech"
"S0884.wav","Filler|Speech|Telephone"
"S1016.wav","Filler|Narration, monologue|Speech|Speech synthesizer"
"S1289.wav","Clicking|Filler|Speech"
"S2027.wav","Chewing, mastication|Laughter|Speech"
"S0003.wav","Filler|Laughter|Sneeze|Speech"
"S0552.wav","Filler|Speech"
"S1116.wav","Filler|Speech"
"S1087.wav","Filler|Speech|Whispering"
"S2701.wav","Clicking|Filler|Speech"
"S2421.wav","Female speech, woman speaking|Laughter|Narration, monologue|Speech"
"S2550.wav","Clicking|Filler|Speech"
"S2763.wav","Laughter|Speech"
"S0099.wav","Filler|Laughter|Speech"
"S1486.wav","Animal|Domestic animals, pets|Laughter|Speech"
"S0958.wav","Filler|Speech"
"S0654.wav","Laughter|Speech"
"S2166.wav","Clicking|Filler|Inside, small room|Speech"
"S0551.wav","Laughter|Speech"
"S2172.wav","Filler|Sniff|Speech"
"S1883.wav","Filler|Speech"
"S0863.wav","Filler|Speech"
"S0633.wav","Filler|Sniff|Speech"
"S1824.wav","Cricket|Filler|Insect|Speech"
"S0498.wav","Laughter|Speech|Telephone"
"S2551.wav","Clicking|Filler|Speech"
"S1322.wav","Laughter|Speech|Telephone"
"S0213.wav","Filler|Male speech, man speaking|Narration, monologue|Speech|Telephone"
"S1221.wav","Filler|Laughter|Sneeze|Sniff|Speech"
"S0680.wav","Filler|Laughter|Inside, small room|Speech|Telephone"
"S2491.wav","Filler|Speech|Telephone"
"S0695.wav","Filler|Sniff|Speech"
"S1630.wav","Filler|Speech|Telephone"
"S1237.wav","Filler|Sniff|Speech"
"S1659.wav","Filler|Laughter|Speech"
"S0224.wav","Filler|Male speech, man speaking|Narration, monologue|Speech|Telephone"
"S0095.wav","Filler|Speech"
"S0553.wav","Laughter|Speech"
"S0518.wav","Filler|Inside, small room|Speech|Telephone"
"S0971.wav","Filler|Speech"
"S2272.wav","Laughter|Speech|Telephone"
"S1285.wav","Filler|Inside, small room|Speech|Telephone"
"S0738.wav","Filler|Speech"
"S1504.wav","Filler|Speech"
"S0451.wav","Cap gun|Gunshot, gunfire|Laughter|Speech"
"S0533.wav","Filler|Laughter|Speech"
"S1094.wav","Clicking|Laughter|Speech"
"S1660.wav","Filler|Sniff|Speech|Telephone"
"S2631.wav","Filler|Speech|Speech synthesizer"
"S0740.wav","Filler|Speech"
"S2444.wav","Filler|Speech"
"S1871.wav","Filler|Male speech, man speaking|Narration, monologue|Speech"
"S2462.wav","Filler|Speech"
"S0476.wav","Filler|Sniff|Speech|Telephone"
"S1926.wav","Filler|Speech"
"S2362.wav","Laughter|Sniff|Speech"
"S1019.wav","Filler|Speech"
"S0826.wav","Filler|Speech"
"S2338.wav","Laughter|Sniff|Speech|Wheeze"
"S0460.wav","Filler|Laughter|Sniff|Speech|Telephone"
"S2731.wav","Filler|Narration, monologue|Speech"
"S2488.wav","Laughter|Sniff|Speech"
"S1874.wav","Filler|Male speech, man speaking|Narration, monologue|Speech"
"S2732.wav","Filler|Sniff|Speech"
"S2407.wav","Filler|Speech|Telephone"
"S1384.wav","Filler|Laughter|Speech"
"S1217.wav","Filler|Speech"
"S0356.wav","Clicking|Filler|Speech"
"S1228.wav","Filler|Speech"
"S1218.wav","Laughter|Speech"
"S2692.wav","Clicking|Filler|Speech"
"S1559.wav","Filler|Insect|Speech"
"S2046.wav","Filler|Sniff|Speech"
"S2730.wav","Filler|Speech|Telephone"
"S1033.wav","Filler|Speech"
"S2748.wav","Filler|Laughter|Sneeze|Speech|Telephone"
"S0785.wav","Filler|Speech"
"S2334.wav","Filler|Laughter|Sniff|Speech"
"S1093.wav","Filler|Insect|Speech"
"S0162.wav","Filler|Speech"
"S2372.wav","Clicking|Filler|Speech"
"S2428.wav","Laughter|Speech"
"S2355.wav","Filler|Radio|Speech|Telephone"
"S1215.wav","Filler|Inside, small room|Speech"
"S1052.wav","Animal|Cat|Domestic animals, pets|Filler|Hiccup|Speech"
"S0401.wav","Inside, small room|Laughter|Sniff|Speech"
"S0465.wav","Filler|Narration, monologue|Speech|Telephone"
"S2553.wav","Clicking|Filler|Speech"
"S2669.wav","Filler|Speech"
"S2081.wav","Filler|Male speech, man speaking|Narration, monologue|Speech"
"S2430.wav","Filler|Speech|Telephone"
"S1271.wav","Filler|Speech"
"S1069.wav","Cricket|Filler|Insect|Speech"
"S1666.wav","Filler|Narration, monologue|Speech"
"S2467.wav","Laughter|Speech"
"S1971.wav","Filler|Laughter|Insect|Speech"
"S0537.wav","Laughter|Sneeze|Speech"
"S0180.wav","Animal|Domestic animals, pets|Laughter|Sniff|Speech"
"S1198.wav","Laughter|Sneeze|Sniff|Speech"
"S1662.wav","Animal|Cat|Domestic animals, pets|Laughter|Meow|Speech"
"S0908.wav","Filler|Speech"
"S2336.wav","Filler|Laughter|Speech|Telephone"
"S1328.wav","Laughter|Sniff|Speech"
"S1007.wav","Laughter|Slap, smack|Speech"
"S1269.wav","Filler|Speech|Whispering"
"S0391.wav","Filler|Speech"
"S1348.wav","Filler|Speech"
"S0732.wav","Clicking|Filler|Speech"
"S1941.wav","Cricket|Filler|Insect|Speech"
"S0027.wav","Laughter|Sneeze|Speech"
"S1592.wav","Filler|Sniff|Speech"
"S2479.wav","Filler|Speech"
"S0478.wav","Filler|Speech"
"S0298.wav","Filler|Sneeze|Sniff|Speech|Whispering"
"S1541.wav","Filler|Speech"
"S0292.wav","Clicking|Filler|Sniff|Speech"
"S0707.wav","Filler|Inside, small room|Speech"
"S1150.wav","Filler|Speech"
"S1645.wav","Filler|Speech|Telephone"
"S1860.wav","Filler|Speech"
"S0520.wav","Filler|Speech"
"S0386.wav","Filler|Sniff|Speech|Telephone"
"S1417.wav","Filler|Speech"
"S1325.wav","Filler|Sniff|Speech"
"S2663.wav","Filler|Speech|Telephone"
"S1467.wav","Laughter|Speech|Telephone"
"S1431.wav","Filler|Speech"
"S1224.wav","Inside, small room|Laughter|Speech"
"S2168.wav","Clicking|Filler|Speech"
"S0297.wav","Filler|Inside, small room|Sniff|Speech|Telephone"
"S2088.wav","Filler|Male speech, man speaking|Narration, monologue|Speech"
"S1338.wav","Filler|Laughter|Inside, small room|Speech|Telephone"
"S0670.wav","Laughter|Speech"
"S0320.wav","Laughter|Speech"
"S2599.wav","Filler|Speech"
"S0173.wav","Filler|Laughter|Speech"
"S2446.wav","Laughter|Speech"
"S1313.wav","Filler|Speech"
"S0322.wav","Filler|Speech|Writing"
"S0294.wav","Inside, small room|Laughter|Sniff|Speech|Telephone"
"S2693.wav","Clicking|Filler|Speech"
"S1798.wav","Filler|Speech|Telephone"
"S2367.wav","Filler|Laughter|Speech"
"S0846.wav","Filler|Speech"
"S2022.wav","Filler|Speech"
"S0031.wav","Laughter|Speech|Telephone"
"S0995.wav","Laughter|Male speech, man speaking|Narration, monologue|Speech"
"S1983.wav","Filler|Laughter|Insect|Speech"
"S1709.wav","Clicking|Filler|Speech"
"S0167.wav","Laughter|Sneeze|Speech"
"S2159.wav","Filler|Speech|Writing"
"S1698.wav","Clicking|Filler|Inside, small room|Speech"
"S0039.wav","Filler|Speech"
"S2296.wav","Filler|Speech"
"S1706.wav","Clicking|Filler|Speech"
"S1888.wav","Inside, small room|Laughter|Sniff|Speech"
"S1832.wav","Filler|Speech|Telephone"
"S0452.wav","Laughter|Speech"
"S0522.wav","Laughter|Speech"
"S1151.wav","Filler|Speech"
"S0506.wav","Filler|Sniff|Speech"
"S1359.wav","Filler|Sniff|Speech"
"S1065.wav","Filler|Speech"
"S0249.wav","Filler|Speech|Speech synthesizer"
"S1129.wav","Filler|Laughter|Speech"
"S1677.wav","Laughter|Sneeze|Speech"
"S0675.wav","Filler|Laughter|Speech"
"S2260.wav","Filler|Speech"
"S0101.wav","Clicking|Filler|Speech"
"S0765.wav","Filler|Sniff|Speech"
"S1411.wav","Filler|Speech"
"S0413.wav","Filler|Inside, small room|Snoring|Speech"
"S2387.wav","Laughter|Speech"
"S0799.wav","Clicking|Filler|Speech"
"S0375.wav","Filler|Laughter|Speech"
"S0035.wav","Filler|Speech"
"S1984.wav","Filler|Sniff|Speech"
"S1105.wav","Filler|Speech"
"S0718.wav","Laughter|Speech"
"S0904.wav","Filler|Speech"
"S2376.wav","Filler|Inside, small room|Speech|Telephone"
"S0917.wav","Filler|Sniff|Speech"
"S0411.wav","Clicking|Filler|Speech"
"S1032.wav","Cat|Domestic animals, pets|Filler|Speech"
"S1753.wav","Filler|Speech"
"S2092.wav","Filler|Male speech, man speaking|Narration, monologue|Speech"
"S1562.wav","Hiccup|Insect|Laughter|Speech"
"S1110.wav","Filler|Speech"
"S0408.wav","Filler|Speech"
"S0898.wav","Laughter|Sneeze|Speech"
"S0303.wav","Filler|Sniff|Speech|Whispering"
"S2180.wav","Filler|Sniff|Speech"
"S0868.wav","Filler|Sniff|Speech"
"S0998.wav","Filler|Sniff|Speech"
"S1586.wav","Filler|Speech"
"S0177.wav","Filler|Narration, monologue|Speech"
"S1488.wav","Filler|Speech"
"S2435.wav","Filler|Speech"
"S0598.wav","Filler|Music|Speech|Telephone"
"S0210.wav","Filler|Speech"
"S1601.wav","Filler|Laughter|Speech"
"S0288.wav","Laughter|Sniff|Speech"
"S2572.wav","Laughter|Speech"
"S1429.wav","Filler|Speech"
"S1848.wav","Filler|Speech"
"S2281.wav","Filler|Sniff|Speech"
"S0488.wav","Chewing, mastication|Filler|Sniff|Speech"
"S2313.wav","Filler|Speech|Telephone"
"S1119.wav","Filler|Speech"
"S2327.wav","Filler|Sniff|Speech"
"S0668.wav","Filler|Speech"
"S1443.wav","Filler|Speech"
"S1106.wav","Filler|Speech|Whispering"
"S0378.wav","Cricket|Filler|Insect|Speech"
"S0059.wav","Laughter|Sniff|Speech"
"S0045.wav","Filler|Sniff|Speech"
"S2659.wav","Filler|Laughter|Inside, small room|Speech"
"S2189.wav","Filler|Laughter|Sniff|Speech"
"S1856.wav","Filler|Speech"
"S2657.wav","Filler|Laughter|Radio|Speech|Telephone"
"S1555.wav","Filler|Sniff|Speech"
"S0314.wav","Filler|Sniff|Speech"
"S2361.wav","Filler|Speech|Telephone"
"S0495.wav","Filler|Narration, monologue|Speech"
"S0836.wav","Filler|Sniff|Speech|Telephone"
"S2601.wav","Laughter|Speech"
"S0458.wav","Laughter|Speech"
"S1362.wav","Laughter|Sniff|Speech"
"S1136.wav","Filler|Speech"
"S1214.wav","Filler|Sniff|Speech"
"S2064.wav","Clicking|Filler|Inside, small room|Speech"
"S2037.wav","Filler|Speech"
"S1176.wav","Filler|Laughter|Sniff|Speech"
"S0573.wav","Clicking|Filler|Inside, small room|Speech"
"S0621.wav","Filler|Male speech, man speaking|Narration, monologue|Speech"
"S1070.wav","Filler|Speech"
"S2687.wav","Filler|Laughter|Sniff|Speech"
"S0589.wav","Filler|Speech"
"S0742.wav","Filler|Speech"
"S0811.wav","Cap gun|Filler|Gunshot, gunfire|Speech"
"S2226.wav","Filler|Speech|Telephone"
"S1943.wav","Filler|Speech"
"S2331.wav","Filler|Speech"
"S1358.wav","Laughter|Sniff|Speech"
"S1099.wav","Clicking|Filler|Laughter|Speech"
"S1472.wav","Filler|Laughter|Speech"
"S2656.wav","Cricket|Filler|Insect|Speech"
"S0473.wav","Laughter|Sneeze|Sniff|Speech"
"S1991.wav","Filler|Insect|Speech"
"S0595.wav","Filler|Laughter|Speech"
"S1619.wav","Filler|Laughter|Sniff|Speech"
"S0112.wav","Filler|Insect|Speech"
"S0175.wav","Laughter|Sneeze|Speech"
"S1808.wav","Laughter|Sneeze|Speech"
"S0021.wav","Laughter|Speech|Telephone"
"S2076.wav","Filler|Speech"
"S2261.wav","Filler|Speech"
"S1937.wav","Filler|Speech"
"S2197.wav","Filler|Sniff|Speech"
"S1525.wav","Laughter|Sniff|Speech"
"S1810.wav","Filler|Narration, monologue|Speech"
"S1123.wav","Filler|Speech"
"S0438.wav","Laughter|Speech|Telephone"
"S0026.wav","Laughter|Sneeze|Speech"
"S0669.wav","Filler|Speech"
"S1253.wav","Laughter|Sniff|Speech"
"S1113.wav","Filler|Speech"
"S2106.wav","Filler|Speech|Telephone"
"S1638.wav","Laughter|Speech"
"S0471.wav","Filler|Speech|Telephone"
"S1622.wav","Filler|Speech|Telephone"
"S1391.wav","Filler|Speech"
"S1506.wav","Filler|Speech|Telephone"
"S2363.wav","Filler|Laughter|Speech|Telephone"
"S0445.wav","Laughter|Sneeze|Sniff|Speech"
"S1373.wav","Filler|Speech|Telephone"
"S1495.wav","Filler|Sniff|Speech"
"S0557.wav","Filler|Inside, small room|Speech"
"S1401.wav","Filler|Laughter|Speech"
"S0464.wav","Clicking|Filler|Speech"
"S1609.wav","Filler|Speech"
"S1890.wav","Laughter|Speech"
"S2036.wav","Filler|Laughter|Inside, small room|Sniff|Speech|Writing"
"S2743.wav","Filler|Laughter|Speech"
"S2496.wav","Filler|Speech|Telephone"
"S1497.wav","Female speech, woman speaking|Laughter|Narration, monologue|Speech"
"S2135.wav","Filler|Sniff|Speech"
"S0359.wav","Filler|Speech"
"S0512.wav","Laughter|Speech"
"S0911.wav","Filler|Speech"
"S2683.wav","Filler|Speech"
"S1960.wav","Filler|Laughter|Speech"
"S1787.wav","Filler|Narration, monologue|Speech"
"S2178.wav","Clicking|Filler|Inside, small room|Sniff|Speech"
"S0753.wav","Filler|Sniff|Speech"
"S0560.wav","Clicking|Filler|Speech"
"S0127.wav","Laughter|Speech"
"S1242.wav","Filler|Inside, small room|Sniff|Speech"
"S2667.wav","Filler|Speech"
"S2069.wav","Filler|Speech"
"S0305.wav","Filler|Sniff|Speech"
"S2709.wav","Filler|Speech"
"S0944.wav","Cricket|Filler|Insect|Speech"
"S0585.wav","Filler|Speech"
"S1408.wav","Cricket|Filler|Insect|Speech"
"S2620.wav","Filler|Speech"
"S1337.wav","Filler|Inside, small room|Sniff|Speech|Telephone"
"S2510.wav","Filler|Speech"
"S2473.wav","Clicking|Filler|Laughter|Inside, small room|Speech"
"S2105.wav","Filler|Inside, small room|Speech|Telephone|Writing"
"S1974.wav","Cricket|Filler|Insect|Speech"
"S1694.wav","Clicking|Filler|Speech"
"S2071.wav","Filler|Narration, monologue|Speech"
"S2274.wav","Filler|Laughter|Speech"
"S1088.wav","Clicking|Filler|Inside, small room|Speech"
"S2034.wav","Clicking|Filler|Speech"
"S0202.wav","Filler|Laughter|Narration, monologue|Speech"
"S1376.wav","Filler|Laughter|Speech|Telephone"
"S1387.wav","Filler|Speech"
"S0592.wav","Laughter|Speech"
"S0485.wav","Inside, small room|Laughter|Sniff|Speech|Telephone"
"S1503.wav","Filler|Speech|Telephone"
"S2396.wav","Laughter|Speech"
"S2321.wav","Filler|Speech"
"S1857.wav","Laughter|Speech"
"S0456.wav","Laughter|Speech"
"S0016.wav","Laughter|Sneeze|Speech|Telephone"
"S0599.wav","Filler|Speech|Telephone"
"S0637.wav","Filler|Speech|Telephone"
"S1462.wav","Filler|Speech|Telephone"
"S1230.wav","Filler|Speech"
"S2678.wav","Filler|Speech"
"S1796.wav","Filler|Male speech, man speaking|Narration, monologue|Speech"
"S0554.wav","Filler|Sniff|Speech"
"S0481.wav","Laughter|Sniff|Speech"
"S1981.wav","Filler|Laughter|Speech|Writing"
"S2035.wav","Clicking|Filler|Speech"
"S2298.wav","Filler|Sniff|Snort|Speech"
"S2059.wav","Laughter|Sniff|Speech"
"S1456.wav","Filler|Speech|Telephone"
"S0373.wav","Filler|Insect|Speech"
"S1309.wav","Clicking|Filler|Speech"
"S2652.wav","Filler|Speech|Telephone"
"S0313.wav","Filler|Speech"
"S2423.wav","Filler|Speech"
"S0147.wav","Filler|Laughter|Sniff|Speech"
"S1995.wav","Filler|Insect|Speech"
"S0219.wav","Filler|Speech|Telephone"
"S1470.wav","Laughter|Sneeze|Speech"
"S1165.wav","Filler|Speech"
"S2516.wav","Laughter|Speech"
"S1340.wav","Filler|Inside, small room|Speech|Telephone"
"S1581.wav","Clicking|Inside, small room|Laughter|Speech"
"S0019.wav","Filler|Speech|Telephone"
"S0410.wav","Filler|Insect|Speech"
"S2228.wav","Cough|Filler|Speech"
"S1286.wav","Filler|Male speech, man speaking|Narration, monologue|Speech"
"S0201.wav","Laughter|Sneeze|Speech"
"S1775.wav","Laughter|Speech"
"S1837.wav","Clicking|Filler|Laughter|Speech"
"S2635.wav","Clicking|Filler|Inside, small room|Speech"
"S0968.wav","Filler|Speech"
"S0780.wav","Filler|Speech"
"S2734.wav","Cricket|Filler|Insect|Speech|Telephone"
"S2337.wav","Laughter|Sneeze|Speech"
"S0834.wav","Filler|Sniff|Speech|Telephone"
"S1653.wav","Filler|Speech|Telephone"
"S1527.wav","Clicking|Inside, small room|Laughter|Speech|Telephone"
"S1192.wav","Clicking|Filler|Inside, small room|Speech|Telephone"
"S0163.wav","Filler|Sniff|Speech"
"S0087.wav","Burping, eructation|Filler|Laughter|Speech"
"S0708.wav","Hiccup|Laughter|Speech"
"S0783.wav","Filler|Speech"
"S1159.wav","Filler|Speech"
"S1174.wav","Cricket|Filler|Insect|Speech"
"S2107.wav","Filler|Speech"
"S0544.wav","Filler|Speech"
"S2753.wav","Filler|Narration, monologue|Speech"
"S2354.wav","Filler|Laughter|Sneeze|Speech"
"S2470.wav","Filler|Laughter|Sniff|Speech"
"S1793.wav","Filler|Speech"
"S0641.wav","Laughter|Speech"
"S1474.wav","Filler|Narration, monologue|Speech"
"S0877.wav","Filler|Narration, monologue|Speech|Telephone"
"S1826.wav","Filler|Insect|Speech"
"S0361.wav","Clicking|Filler|Laughter|Speech"
"S1434.wav","Laughter|Speech"
"S1891.wav","Laughter|Male speech, man speaking|Narration, monologue|Speech|Telephone"
"S2079.wav","Filler|Speech|Telephone"
"S0842.wav","Bleat|Filler|Laughter|Sniff|Speech"
"S0822.wav","Filler|Speech"
"S0415.wav","Filler|Insect|Speech"
"S0661.wav","Filler|Speech"
"S2259.wav","Laughter|Sneeze|Speech"
"S2289.wav","Filler|Laughter|Speech"
"S2356.wav","Laughter|Sniff|Speech|Wheeze"
"S1770.wav","Filler|Speech"
"S1644.wav","Filler|Laughter|Speech|Telephone"
"S1674.wav","Clicking|Filler|Inside, small room|Speech|Telephone"
"S1480.wav","Clicking|Filler|Inside, small room|Speech"
"S2596.wav","Clicking|Filler|Speech"
"S2044.wav","Filler|Speech"
"S0549.wav","Filler|Laughter|Speech"
"S0916.wav","Filler|Speech"
"S2688.wav","Filler|Speech"
"S1371.wav","Filler|Speech"
"S1606.wav","Filler|Shuffling cards|Speech"
"S1047.wav","Filler|Narration, monologue|Speech"
"S0161.wav","Laughter|Sniff|Speech"
"S2026.wav","Filler|Narration, monologue|Sniff|Speech"
"S0929.wav","Filler|Sniff|Speech"
"S2711.wav","Filler|Insect|Speech"
"S0567.wav","Filler|Inside, small room|Speech"
"S2339.wav","Laughter|Sneeze|Speech"
"S1557.wav","Filler|Sniff|Speech|Telephone"
"S0839.wav","Filler|Inside, small room|Sniff|Speech|Telephone"
"S0638.wav","Filler|Sniff|Speech"
"S0482.wav","Filler|Sniff|Speech"
"S1042.wav","Filler|Speech|Telephone"
"S2063.wav","Filler|Speech"
"S0723.wav","Laughter|Sniff|Speech"
"S0343.wav","Filler|Speech"
"S1057.wav","Filler|Narration, monologue|Speech"
"S1939.wav","Cricket|Filler|Insect|Speech"
"S1406.wav","Cricket|Filler|Insect|Speech"
"S2232.wav","Filler|Speech"
"S2738.wav","Filler|Laughter|Speech|Telephone"
"S1877.wav","Filler|Male speech, man speaking|Speech|Telephone"
"S2239.wav","Inside, small room|Laughter|Speech|Telephone"
"S2494.wav","Filler|Sniff|Speech|Telephone"
"S2737.wav","Filler|Laughter|Speech"
"S0217.wav","Filler|Speech"
"S1066.wav","Filler|Laughter|Speech"
"S2016.wav","Filler|Speech"
"S2025.wav","Filler|Laughter"
"S0657.wav","Filler|Speech"
"S0185.wav","Filler|Speech"
"S1124.wav","Filler|Speech"
"S1982.wav","Filler|Laughter|Speech"
"S1243.wav","Filler|Sniff|Speech"
"S2636.wav","Filler|Speech"
"S1012.wav","Burping, eructation|Filler|Laughter|Speech"
"S0340.wav","Clicking|Filler|Speech"
"S0469.wav","Laughter|Sniff|Speech"
"S2606.wav","Laughter|Speech"
"S2602.wav","Filler|Inside, small room|Speech"
"S0417.wav","Filler|Speech"
"S1849.wav","Filler|Sniff|Speech"
"S1236.wav","Filler|Speech"
"S1085.wav","Filler|Speech"
"S0824.wav","Filler|Speech"
"S2434.wav","Laughter|Speech"
"S2181.wav","Filler|Speech"
"S2007.wav","Clicking|Filler|Speech"
"S0907.wav","Laughter|Sneeze|Speech"
"S1740.wav","Laughter|Speech"
"S1631.wav","Filler|Sniff|Speech"
"S2697.wav","Filler|Speech"
"S0838.wav","Filler|Inside, small room|Narration, monologue|Speech"
"S0267.wav","Filler|Speech"
"S1893.wav","Laughter|Male speech, man speaking|Speech"
"S1729.wav","Filler|Laughter|Sniff|Speech"
"S1986.wav","Filler|Speech"
"S1777.wav","Filler|Speech"
"S2458.wav","Filler|Speech|Telephone"
"S0555.wav","Clicking|Filler|Speech"
"S1749.wav","Filler|Speech"
"S2655.wav","Filler|Speech|Telephone"
"S2511.wav","Filler|Laughter|Speech|Telephone"
"S1327.wav","Laughter|Speech|Telephone"
"S1086.wav","Filler|Speech"
"S1312.wav","Laughter|Speech"
"S2077.wav","Clicking|Filler|Laughter|Speech"
"S1332.wav","Filler|Inside, small room|Sniff|Speech"
"S2507.wav","Filler|Speech|Telephone"
"S0395.wav","Filler|Sniff|Speech"
"S1576.wav","Filler|Sniff|Speech"
"S2248.wav","Filler|Speech"
"S0978.wav","Filler|Laughter|Speech"
"S2534.wav","Filler|Sniff|Speech"
"S1912.wav","Filler|Speech"
"S2618.wav","Filler|Laughter|Speech"
"S1444.wav","Filler|Speech"
"S0991.wav","Filler|Male speech, man speaking|Narration, monologue|Speech"
"S2650.wav","Filler|Speech"
"S1779.wav","Filler|Sniff|Speech"
"S0502.wav","Filler|Inside, small room|Speech"
"S2148.wav","Filler|Sniff|Speech"
"S2128.wav","Clicking|Filler|Inside, small room|Speech"
"S0429.wav","Filler|Speech"
"S2476.wav","Filler|Inside, small room|Speech|Telephone"
"S2570.wav","Filler|Sniff|Speech"
"S1298.wav","Filler|Laughter|Inside, small room|Speech|Telephone"
"S1149.wav","Filler|Speech"
"S1524.wav","Laughter|Sniff|Speech"
"S1566.wav","Filler|Sniff|Speech|Telephone"
"S0644.wav","Laughter|Speech"
"S2365.wav","Filler|Speech"
"S2350.wav","Filler|Speech|Telephone"
"S1900.wav","Inside, small room|Laughter|Sniff|Speech"
"S0571.wav","Filler|Speech|Telephone"
"S1574.wav","Clicking|Filler|Speech"
"S2445.wav","Filler|Speech"
"S1318.wav","Filler|Inside, small room|Sniff|Speech|Telephone"
"S0051.wav","Clicking|Filler|Speech"
"S1405.wav","Filler|Speech"
"S0144.wav","Laughter|Sniff|Speech"
"S0049.wav","Filler|Speech"
"S0653.wav","Burping, eructation|Laughter|Speech"
"S2613.wav","Laughter|Speech"
"S0602.wav","Filler|Narration, monologue|Speech"
"S2203.wav","Filler|Speech"
"S1038.wav","Filler|Speech"
"S2286.wav","Filler|Insect|Speech"
"S0761.wav","Cricket|Filler|Insect|Speech"
"S1920.wav","Filler|Speech"
"S0243.wav","Laughter|Speech"
"S2625.wav","Laughter|Speech"
"S2192.wav","Filler|Speech"
"S1889.wav","Filler|Male speech, man speaking|Narration, monologue|Speech"
"S0937.wav","Cricket|Filler|Insect|Speech"
"S0351.wav","Filler|Speech"
"S2131.wav","Filler|Snoring|Speech"
"S2757.wav","Filler|Speech"
"S1750.wav","Filler|Speech"
"S1641.wav","Filler|Sniff|Speech|Whispering"
"S2653.wav","Cricket|Filler|Insect|Speech"
"S1294.wav","Filler|Speech"
"S2729.wav","Filler|Speech|Telephone"
"S0272.wav","Filler|Laughter|Speech"
"S0075.wav","Filler|Narration, monologue|Speech"
"S2700.wav","Filler|Speech"
"S0979.wav","Laughter|Speech"
"S0129.wav","Laughter|Speech"
"S0468.wav","Laughter|Speech"
"S0994.wav","Filler|Male speech, man speaking|Narration, monologue|Speech"
"S0251.wav","Laughter|Speech"
"S2548.wav","Filler|Inside, small room|Speech"
"S0629.wav","Filler|Sniff|Speech"
"S2640.wav","Filler|Laughter|Speech"
"S1916.wav","Filler|Laughter|Speech"
"S2388.wav","Laughter|Speech"
"S2244.wav","Laughter|Male speech, man speaking|Narration, monologue|Speech"
"S1323.wav","Filler|Laughter|Sniff|Speech"
"S0442.wav","Filler|Laughter|Speech"
"S2455.wav","Filler|Inside, small room|Speech|Telephone"
"S0347.wav","Filler|Inside, small room|Sniff|Speech"
"S0301.wav","Laughter|Sneeze|Sniff|Speech"
"S1610.wav","Filler|Speech"
"S2598.wav","Filler|Speech"
"S1595.wav","Clicking|Filler|Speech"
"S2508.wav","Filler|Laughter|Speech|Telephone"
"S0686.wav","Filler|Speech"
"S0241.wav","Filler|Speech|Telephone"
"S0823.wav","Clicking|Laughter|Speech"
"S2495.wav","Laughter|Sniff|Speech"
"S0697.wav","Filler|Laughter|Sniff|Speech"
"S2560.wav","Filler|Sniff|Speech"
"S2611.wav","Chewing, mastication|Filler|Inside, small room|Sniff|Speech"
"S0632.wav","Filler|Sniff|Speech"
"S1942.wav","Cricket|Filler|Insect|Speech"
"S1252.wav","Clicking|Filler|Sniff|Speech"
"S0497.wav","Filler|Laughter|Sneeze|Speech"
"S1233.wav","Filler|Laughter|Sniff|Speech"
"S2008.wav","Filler|Speech"
"S2303.wav","Filler|Speech|Telephone"
"S1155.wav","Filler|Speech"
"S0263.wav","Laughter|Sniff|Speech"
"S0198.wav","Laughter|Sneeze|Speech"
"S0597.wav","Hiccup|Laughter|Speech"
"S2275.wav","Cap gun|Filler|Speech"
"S0196.wav","Filler|Speech|Telephone"
"S1520.wav","Filler|Narration, monologue|Speech"
"S1591.wav","Burping, eructation|Filler|Laughter|Speech"
"S0071.wav","Laughter|Sniff|Speech"
"S1302.wav","Filler|Inside, small room|Speech|Writing"
"S0940.wav","Cricket|Filler|Insect|Speech"
"S0974.wav","Laughter|Speech"
"S0282.wav","Clicking|Filler|Speech"
"S1617.wav","Filler|Inside, small room|Speech|Telephone"
"S2142.wav","Filler|Inside, small room|Speech"
"S0622.wav","Filler|Male speech, man speaking|Narration, monologue|Speech"
"S0285.wav","Clicking|Filler|Inside, small room|Speech"
"S0264.wav","Filler|Speech"
"S1934.wav","Filler|Laughter|Speech"
"S1655.wav","Filler|Speech|Telephone"
"S0113.wav","Filler|Speech"
"S0530.wav","Filler|Speech"
"S0505.wav","Filler|Inside, small room|Sniff|Speech"
"S2382.wav","Laughter|Speech"
"S0529.wav","Filler|Speech"
"S1633.wav","Filler|Speech"
"S0034.wav","Filler|Sniff|Speech"
"S1535.wav","Laughter|Speech"
"S2562.wav","Laughter|Speech"
"S0714.wav","Clicking|Inside, small room|Laughter|Speech"
"S0067.wav","Laughter|Sniff|Speech"
"S1234.wav","Filler|Inside, small room|Sniff|Speech"
"S2715.wav","Filler|Insect|Speech"
"S2755.wav","Clicking|Filler|Speech"
"S0920.wav","Cricket|Filler|Speech"
"S0832.wav","Laughter|Sniff|Speech"
"S2585.wav","Filler|Laughter|Speech|Telephone|Whispering"
"S2225.wav","Filler|Inside, small room|Speech|Telephone"
"S1866.wav","Laughter"
"S0649.wav","Filler|Laughter|Speech"
"S2518.wav","Filler|Speech|Telephone"
"S2698.wav","Clicking|Filler|Speech"
"S2317.wav","Filler|Sniff|Speech"
"S1803.wav","Filler|Narration, monologue|Speech"
"S0843.wav","Cricket|Filler|Insect|Speech"
"S0967.wav","Filler|Speech"
"S0309.wav","Filler|Speech"
"S0775.wav","Laughter|Speech"
"S2157.wav","Laughter|Sniff|Speech"
"S0574.wav","Clicking|Filler|Speech"
"S0972.wav","Filler|Speech"
"S2184.wav","Laughter|Sniff|Speech"
"S1501.wav","Female speech, woman speaking|Filler|Narration, monologue|Speech"
"S0862.wav","Filler|Speech"
"S0881.wav","Filler|Speech|Telephone"
"S1875.wav","Laughter|Speech|Telephone"
"S0993.wav","Filler|Male speech, man speaking|Narration, monologue|Speech|Speech synthesizer"
"S0694.wav","Filler|Insect|Speech"
"S2351.wav","Filler|Laughter|Sniff|Speech|Wheeze"
"S0941.wav","Filler|Speech"
"S2152.wav","Filler|Sniff|Speech"
"S1141.wav","Animal|Laughter|Sniff|Speech"
"S0237.wav","Laughter|Speech"
"S2704.wav","Clicking|Filler|Speech"
"S0393.wav","Filler|Speech"
"S2477.wav","Filler|Speech"
"S2406.wav","Filler|Speech"
"S1157.wav","Filler|Sniff|Speech"
"S2056.wav","Filler|Hiccup|Speech"
"S1545.wav","Filler|Speech"
"S0726.wav","Clicking|Filler|Speech"
"S0848.wav","Filler|Speech"
"S1235.wav","Filler|Speech"
"S0662.wav","Filler|Speech"
"S0128.wav","Filler|Speech"
"S1639.wav","Filler|Inside, small room|Speech|Telephone"
"S0080.wav","Filler|Narration, monologue|Speech|Telephone"
"S1951.wav","Filler|Insect|Sniff|Speech"
"S1817.wav","Filler|Speech"
"S1947.wav","Filler|Laughter|Speech"
"S0580.wav","Clicking|Filler|Speech"
"S1831.wav","Filler|Speech"
"S1048.wav","Filler|Speech"
"S2468.wav","Filler|Speech|Telephone"
"S0752.wav","Filler|Speech|Telephone"
"S1966.wav","Filler|Laughter|Speech"
"S1254.wav","Filler|Sniff|Speech"
"S1227.wav","Filler|Laughter|Speech"
"S1117.wav","Filler|Speech"
"S2319.wav","Clicking|Filler|Speech"
"S0815.wav","Filler|Sniff|Speech"
"S2335.wav","Laughter|Speech|Telephone"
"S1744.wav","Filler|Hiccup|Speech"
"S0677.wav","Filler|Speech"
"S1822.wav","Filler|Insect|Speech"
"S1077.wav","Filler|Speech"
"S2454.wav","Filler|Inside, small room|Sniff|Speech"
"S1082.wav","Laughter|Speech"
"S1333.wav","Filler|Laughter|Sniff|Speech"
"S2271.wav","Laughter|Speech"
"S0104.wav","Laughter|Speech"
"S1911.wav","Filler|Sniff|Speech"
"S0996.wav","Filler|Male speech, man speaking|Narration, monologue|Speech|Speech synthesizer"
"S1416.wav","Laughter|Speech"
"S2475.wav","Filler|Laughter|Speech|Telephone"
"S0928.wav","Cricket|Filler|Insect|Speech"
"S1183.wav","Filler|Speech"
"S0963.wav","Clicking|Filler|Speech"
"S1368.wav","Filler|Speech|Telephone"
"S0564.wav","Filler|Speech"
"S0355.wav","Burping, eructation|Filler|Speech"
"S1625.wav","Filler|Speech|Telephone"
"S0376.wav","Filler|Speech"
"S0348.wav","Filler|Inside, small room|Speech|Writing"
"S1100.wav","Filler|Insect|Speech"
"S0260.wav","Filler|Laughter|Sniff|Speech"
"S0255.wav","Filler|Sniff|Speech"
"S0247.wav","Laughter|Speech"
"S1853.wav","Filler|Speech"
"S0304.wav","Filler|Inside, small room|Sniff|Speech|Writing"
"S2689.wav","Filler|Speech"
"S0990.wav","Cough|Laughter|Speech"
"S1459.wav","Filler|Speech|Telephone"
"S1997.wav","Clicking|Laughter|Speech"
"S1304.wav","Filler|Inside, small room|Speech|Telephone"
"S1097.wav","Filler|Speech|Whispering"
"S2647.wav","Clicking|Filler|Laughter|Speech"
"S1987.wav","Filler|Speech"
"S1780.wav","Clicking|Filler|Speech"
"S1652.wav","Filler|Sniff|Speech"
"S0317.wav","Inside, small room|Laughter|Speech|Writing"
"S0613.wav","Laughter|Speech"
"S1833.wav","Filler|Laughter|Speech"
"S0140.wav","Laughter|Speech"
"S2443.wav","Cricket|Filler|Insect|Speech"
"S2537.wav","Filler|Inside, small room|Sniff|Speech|Telephone"
"S1473.wav","Arrow|Filler|Sniff|Speech"
"S1257.wav","Filler|Inside, small room|Speech|Writing"
"S1037.wav","Filler|Sniff|Speech"
"S2722.wav","Filler|Laughter|Sneeze|Speech"
"S2524.wav","Laughter|Sniff|Speech|Telephone"
"S0371.wav","Clicking|Filler|Speech"
"S2120.wav","Clicking|Filler|Inside, small room|Sniff|Speech"
"S2262.wav","Filler|Speech"
"S0422.wav","Filler|Laughter|Sniff|Speech"
"S1471.wav","Laughter|Sniff|Speech|Telephone"
"S0081.wav","Filler|Narration, monologue|Speech"
"S2480.wav","Clicking|Filler|Speech"
"S2648.wav","Filler|Speech"
"S0273.wav","Filler|Laughter|Speech"
"S1724.wav","Filler|Laughter|Speech|Telephone"
"S1821.wav","Filler|Speech|Telephone"
"S1546.wav","Filler|Speech"
"S0302.wav","Filler|Sniff|Speech|Telephone"
"S2291.wav","Filler|Speech"
"S0693.wav","Filler|Speech"
"S1043.wav","Filler|Laughter|Speech"
"S0078.wav","Filler|Male speech, man speaking|Narration, monologue|Speech"
"S0117.wav","Filler|Speech"
"S1754.wav","Filler|Laughter|Speech"
"S1189.wav","Filler|Speech|Telephone"
"S2724.wav","Filler|Laughter|Speech"
"S0228.wav","Laughter|Speech|Throat clearing"
"S2245.wav","Clicking|Inside, small room|Laughter|Speech|Telephone"
"S2031.wav","Clicking|Filler|Speech"
"S0845.wav","Filler|Speech"
"S1102.wav","Clicking|Filler|Speech"
"S1643.wav","Filler|Speech|Telephone"
"S1868.wav","Laughter|Speech"
"S0601.wav","Filler|Male speech, man speaking|Narration, monologue|Speech"
"S1144.wav","Filler|Laughter|Speech"
"S0010.wav","Laughter|Sniff|Speech"
"S0535.wav","Filler|Speech|Telephone"
"S0685.wav","Clicking|Filler|Speech|Telephone"
"S2089.wav","Filler|Male speech, man speaking|Narration, monologue|Speech"
"S2735.wav","Laughter|Speech"
"S0354.wav","Filler|Laughter|Speech"
"S0890.wav","Filler|Finger snapping|Speech"
"S0076.wav","Filler|Male speech, man speaking|Narration, monologue|Speech"
"S1213.wav","Filler|Male speech, man speaking|Narration, monologue|Speech"
"S0609.wav","Laughter|Speech"
"S2447.wav","Laughter|Speech"
"S0841.wav","Laughter|Sneeze|Sniff|Speech"
"S1789.wav","Filler|Sniff|Speech"
"S0115.wav","Laughter|Speech"
"S1816.wav","Filler|Sniff|Speech"
"S2252.wav","Inside, small room|Laughter|Speech|Telephone"
"S1080.wav","Filler|Inside, small room|Sniff|Speech"
"S1081.wav","Filler|Speech"
"S2515.wav","Filler|Laughter|Speech"
"S1568.wav","Laughter|Speech"
"S2039.wav","Filler|Inside, small room|Speech"
"S1366.wav","Filler|Sniff|Snort|Speech"
"S2273.wav","Laughter|Speech"
"S1715.wav","Filler|Speech"
"S0266.wav","Filler|Speech"
"S1440.wav","Filler|Speech"
"S2359.wav","Laughter|Sniff|Speech|Wheeze"
"S1089.wav","Clicking|Filler|Speech"
"S0054.wav","Filler|Inside, small room|Speech"
"S1854.wav","Filler|Speech"
"S2425.wav","Laughter|Speech"
"S1516.wav","Filler|Speech"
"S1544.wav","Clicking|Filler|Speech"
"S0526.wav","Filler|Laughter|Speech"
"S0561.wav","Clicking|Filler|Inside, small room|Speech|Writing"
"S1244.wav","Filler|Sniff|Speech"
"S2410.wav","Filler|Laughter|Speech"
"S0066.wav","Laughter|Sniff|Speech|Telephone"
"S1046.wav","Filler|Speech|Telephone"
"S2417.wav","Filler|Speech"
"S1978.wav","Cricket|Filler|Laughter|Insect|Speech"
"S0194.wav","Laughter|Speech"
"S2130.wav","Clicking|Filler|Sniff|Speech"
"S2309.wav","Filler|Sniff|Speech"
"S1792.wav","Filler|Speech"
"S0005.wav","Laughter|Sneeze|Speech"
"S1844.wav","Filler|Speech|Telephone"
"S0432.wav","Filler|Speech"
"S1605.wav","Filler|Laughter|Speech"
"S2561.wav","Laughter|Sneeze|Speech"
"S0412.wav","Clicking|Filler|Inside, small room|Speech"
"S1447.wav","Laughter|Speech"
"S2531.wav","Clicking|Filler|Inside, small room|Speech|Telephone"
"S1771.wav","Filler|Insect|Speech"
"S0981.wav","Laughter|Sneeze|Speech"
"S0012.wav","Laughter|Speech"
"S0808.wav","Filler|Speech"
"S0757.wav","Laughter|Sniff|Speech"
"S1436.wav","Filler|Speech"
"S0011.wav","Laughter|Speech"
"S1623.wav","Laughter|Sneeze|Sniff|Speech"
"S1915.wav","Filler|Speech"
"S1073.wav","Filler|Speech"
"S1852.wav","Filler|Speech"
"S1477.wav","Laughter|Speech"
"S0111.wav","Filler|Speech"
"S2431.wav","Filler|Speech"
"S1428.wav","Filler|Sniff|Speech"
"S0687.wav","Filler|Speech"
"S0195.wav","Laughter|Speech"
"S1118.wav","Filler|Insect|Speech"
"S0760.wav","Filler|Sniff|Speech"
"S0789.wav","Filler|Speech"
"S0329.wav","Filler|Sniff|Speech"
"S0474.wav","Filler|Inside, small room|Speech"
"S2310.wav","Filler|Speech"
"S0236.wav","Burping, eructation|Filler|Speech"
"S0368.wav","Filler|Laughter|Speech"
"S1104.wav","Filler|Laughter|Speech"
"S0817.wav","Clicking|Filler|Speech"
"S2243.wav","Filler|Speech"
"S0534.wav","Filler|Speech"
"S2229.wav","Filler|Speech|Typing"
"S2236.wav","Filler|Speech"
"S0840.wav","Filler|Sniff|Speech"
"S0141.wav","Laughter|Speech"
"S2685.wav","Filler|Laughter|Sniff|Speech"
"S2419.wav","Laughter|Speech"
"S0070.wav","Filler|Narration, monologue|Speech"
"S1961.wav","Filler|Laughter|Speech"
"S0023.wav","Laughter|Sniff|Speech"
"S0747.wav","Filler|Speech"
"S1725.wav","Filler|Sniff|Speech"
"S1819.wav","Filler|Speech"
"S0038.wav","Filler|Laughter|Speech"
"S1648.wav","Filler|Sniff|Speech"
"S0691.wav","Filler|Speech"
"S1022.wav","Filler|Speech|Telephone"
"S1748.wav","Filler|Speech"
"S1355.wav","Cricket|Filler|Insect|Speech"
"S2664.wav","Filler|Speech"
"S1455.wav","Filler|Male speech, man speaking|Narration, monologue|Speech"
"S1515.wav","Laughter|Speech"
"S1564.wav","Filler|Insect|Speech"
"S1892.wav","Burping, eructation|Filler|Male speech, man speaking|Narration, monologue|Speech"
"S1735.wav","Filler|Sniff|Speech"
"S1277.wav","Clicking|Filler|Laughter|Speech"
"S0754.wav","Filler|Sniff|Speech|Telephone"
"S1717.wav","Filler|Laughter|Sneeze|Speech"
"S1806.wav","Filler|Speech"
"S2315.wav","Filler|Speech"
"S1476.wav","Chewing, mastication|Clicking|Filler|Inside, small room|Speech"
"S2151.wav","Filler|Sniff|Speech"
"S1747.wav","Filler|Speech"
"S2405.wav","Laughter|Speech|Telephone"
"S2368.wav","Laughter|Speech|Telephone"
"S0008.wav","Filler|Speech"
"S0379.wav","Filler|Insect|Speech"
"S1786.wav","Filler|Laughter|Sniff|Speech"
"S2695.wav","Laughter|Speech"
"S0457.wav","Laughter|Speech|Telephone"
"S0882.wav","Female speech, woman speaking|Filler|Narration, monologue|Speech"
"S0875.wav","Female speech, woman speaking|Filler|Narration, monologue|Speech"
"S2208.wav","Filler|Speech"
"S2219.wav","Clicking|Filler|Speech"
"S2353.wav","Laughter|Speech"
"S1484.wav","Laughter|Speech"
"S1710.wav","Clicking|Filler|Inside, small room|Speech|Telephone"
"S1933.wav","Filler|Speech"
"S1705.wav","Clicking|Filler|Inside, small room|Speech|Telephone"
"S0216.wav","Filler|Speech"
"S0647.wav","Filler|Speech"
"S0287.wav","Arrow|Filler|Sniff|Speech"
"S0365.wav","Filler|Laughter|Speech"
"S1739.wav","Filler|Speech"
"S2174.wav","Filler|Speech"
"S2484.wav","Filler|Inside, small room|Speech"
"S0419.wav","Filler|Inside, small room|Speech"
"S0188.wav","Laughter|Sniff|Speech"
"S0125.wav","Laughter|Speech"
"S0739.wav","Filler|Laughter|Speech"
"S1913.wav","Filler|Speech"
"S2607.wav","Filler|Speech"
"S2047.wav","Filler|Sniff|Speech"
"S1885.wav","Burping, eructation|Filler|Speech"
"S2210.wav","Laughter|Speech"
"S1351.wav","Filler|Speech"
"S0278.wav","Clicking|Filler|Inside, small room|Speech|Telephone"
"S1072.wav","Filler|Inside, small room|Speech|Writing"
"S1276.wav","Filler|Speech"
"S0606.wav","Filler|Laughter|Speech|Throat clearing"
"S2672.wav","Filler|Speech"
"S0833.wav","Clicking|Filler|Inside, small room|Speech"
"S1466.wav","Laughter|Speech|Telephone"
"S1762.wav","Clicking|Filler|Speech"
"S2472.wav","Clicking|Filler|Inside, small room|Speech"
"S0336.wav","Laughter|Sniff|Speech"
"S1932.wav","Filler|Speech"
"S1216.wav","Clicking|Filler|Inside, small room|Narration, monologue|Speech"
"S0486.wav","Filler|Speech"
"S0781.wav","Filler|Speech"
"S1407.wav","Clicking|Filler|Speech"
"S2299.wav","Filler|Insect|Speech"
"S1204.wav","Filler|Sniff|Speech"
"S2718.wav","Burping, eructation|Filler|Speech|Telephone"
"S1031.wav","Filler|Laughter|Speech|Telephone"
"S0896.wav","Laughter|Sniff|Speech|Telephone"
"S0116.wav","Filler|Speech"
"S1251.wav","Filler|Speech"
"S1767.wav","Cricket|Filler|Insect|Speech"
"S1791.wav","Filler|Narration, monologue|Speech"
"S0437.wav","Filler|Laughter|Speech|Telephone"
"S1339.wav","Filler|Laughter|Speech"
"S0582.wav","Filler|Speech"
"S0876.wav","Filler|Speech"
"S1482.wav","Laughter|Speech"
"S2624.wav","Clicking|Filler|Laughter|Speech"
"S1245.wav","Filler|Speech"
"S1131.wav","Filler|Speech"
"S1317.wav","Filler|Sniff|Speech"
"S1511.wav","Filler|Speech"
"S1499.wav","Laughter|Patter|Speech"
"S1814.wav","Filler|Speech"
"S1374.wav","Filler|Speech|Telephone"
"S1168.wav","Filler|Insect|Speech"
"S1950.wav","Clicking|Filler|Speech"
"S2295.wav","Filler|Sniff|Speech"
"S0763.wav","Filler|Sniff|Speech"
"S2605.wav","Filler|Speech"
"S1931.wav","Filler|Speech"
"S1938.wav","Clicking|Cricket|Filler|Insect|Speech"
"S0858.wav","Clicking|Filler|Speech"
"S0710.wav","Laughter|Sniff|Speech|Wheeze"
"S0913.wav","Filler|Inside, small room|Speech"
"S1732.wav","Clicking|Laughter|Speech"
"S1112.wav","Filler|Speech"
"S0433.wav","Laughter|Speech"
"S1485.wav","Laughter|Speech"
"S2326.wav","Cricket|Filler|Insect|Speech"
"S0849.wav","Laughter|Sniff|Speech"
"S1691.wav","Clicking|Filler|Speech"
"S0221.wav","Filler|Narration, monologue|Speech"
"S1774.wav","Laughter|Sneeze|Sniff|Speech"
"S0674.wav","Filler|Speech"
"S1356.wav","Filler|Sniff|Speech"
"S1700.wav","Filler|Laughter|Speech"
"S0435.wav","Laughter|Speech"
"S1210.wav","Laughter|Sniff|Speech"
"S0634.wav","Filler|Sniff|Speech|Telephone"
"S0583.wav","Animal|Domestic animals, pets|Filler|Laughter|Speech"
"S1828.wav","Filler|Speech"
"S2349.wav","Laughter|Sniff|Speech|Telephone"
"S1571.wav","Laughter|Sniff|Speech|Telephone"
"S1769.wav","Filler|Laughter|Speech|Telephone"
"S2323.wav","Filler|Insect|Speech"
"S2433.wav","Laughter|Speech"
"S2451.wav","Filler|Laughter|Hiccup|Speech"
"S1989.wav","Filler|Laughter|Speech"
"S2634.wav","Filler|Speech"
"S0918.wav","Filler|Speech"
"S0922.wav","Filler|Speech"
"S2013.wav","Filler|Speech"
"S1202.wav","Filler|Laughter|Sneeze|Sniff|Speech"
"S1478.wav","Filler|Laughter|Scissors|Sniff|Speech"
"S0333.wav","Filler|Inside, small room|Sniff|Speech"
"S1563.wav","Laughter|Speech"
"S1067.wav","Clicking|Filler|Speech"
"S0866.wav","Filler|Speech"
"S0527.wav","Filler|Laughter|Speech"
"S1494.wav","Filler|Speech"
"S1364.wav","Laughter|Speech"
"S2156.wav","Filler|Speech"
"S0172.wav","Filler|Speech|Telephone"
"S1146.wav","Filler|Speech"
"S0106.wav","Filler|Speech"
"S1250.wav","Filler|Laughter|Sniff|Speech"
"S2176.wav","Filler|Sniff|Speech"
"S1702.wav","Filler|Speech"
"S0050.wav","Cricket|Filler|Laughter|Insect|Speech"
"S2760.wav","Burping, eructation|Laughter|Speech"
"S1020.wav","Laughter|Sniff|Speech"
"S2163.wav","Filler|Sniff|Speech"
"S1650.wav","Filler|Speech|Telephone"
"S0384.wav","Filler|Speech"
"S2146.wav","Filler|Speech"
"S1970.wav","Filler|Laughter|Insect|Speech"
"S1594.wav","Filler|Speech"
"S1773.wav","Filler|Speech"
"S2078.wav","Filler|Male speech, man speaking|Sniff|Speech"
"S0796.wav","Clicking|Filler|Speech"
"S1331.wav","Filler|Hiccup|Sniff|Speech"
"S1538.wav","Filler|Speech"
"S0325.wav","Laughter|Speech"
"S1145.wav","Filler|Laughter|Sniff|Speech|Tick|Tick-tock"
"S2125.wav","Clicking|Filler|Inside, small room|Speech"
"S0949.wav","Filler|Speech"
"S2153.wav","Burping, eructation|Filler|Speech"
"S1284.wav","Filler|Speech|Telephone"
"S2104.wav","Laughter|Speech"
"S1005.wav","Clicking|Filler|Inside, small room|Speech"
"S2556.wav","Clicking|Filler|Speech"
"S0229.wav","Filler|Male speech, man speaking|Narration, monologue|Speech"
"S1138.wav","Filler|Speech"
"S1220.wav","Filler|Speech"
"S0810.wav","Filler|Sniff|Speech"
"S2559.wav","Filler|Speech"
"S0353.wav","Filler|Speech"
"S0749.wav","Filler|Laughter|Speech|Telephone"
"S1058.wav","Filler|Laughter|Speech"
"S2442.wav","Laughter|Speech"
"S1452.wav","Filler|Speech|Telephone"
"S0897.wav","Filler|Speech|Telephone"
"S1178.wav","Filler|Speech|Telephone"
"S0291.wav","Clicking|Filler|Inside, small room|Speech"
"S1425.wav","Filler|Insect|Speech"
"S2098.wav","Filler|Inside, small room|Speech|Telephone"
"S1509.wav","Clicking|Filler|Speech"
"S2705.wav","Filler|Inside, small room|Speech"
"S1390.wav","Filler|Speech"
"S1556.wav","Filler|Speech|Telephone"
"S1759.wav","Filler|Insect|Speech|Telephone"
"S0041.wav","Filler|Speech"
"S1383.wav","Filler|Speech"
"S1075.wav","Clicking|Filler|Laughter|Speech|Telephone"
"S2278.wav","Filler|Laughter|Speech|Telephone"
"S0642.wav","Laughter|Sneeze|Speech"
"S1496.wav","Filler|Speech"
"S2600.wav","Filler|Speech"
"S0809.wav","Clicking|Filler|Inside, small room|Speech"
"S0218.wav","Filler|Sniff|Speech"
"S1015.wav","Filler|Snort|Speech"
"S0037.wav","Filler|Speech"
"S1615.wav","Laughter|Sneeze|Speech"
"S2597.wav","Clicking|Filler|Speech"
"S1990.wav","Filler|Speech"
"S1895.wav","Filler|Laughter|Sniff|Speech"
"S0503.wav","Laughter|Sniff|Speech"
"S1846.wav","Filler|Speech"
"S1361.wav","Chewing, mastication|Filler|Speech"
"S2124.wav","Filler|Laughter|Speech"
"S0639.wav","Filler|Sniff|Speech"
"S1930.wav","Filler|Laughter|Speech"
"S0009.wav","Laughter|Speech"
"S0936.wav","Clicking|Cricket|Filler|Speech"
"S2459.wav","Filler|Laughter|Speech|Telephone"
"S0187.wav","Laughter|Speech"
"S2002.wav","Filler|Speech"
"S2061.wav","Filler|Speech"
"S0626.wav","Filler|Speech|Telephone"
"S1936.wav","Filler|Speech"
"S0250.wav","Filler|Speech|Telephone"
"S1011.wav","Filler|Sniff|Speech"
"S0164.wav","Filler|Speech"
"S1185.wav","Filler|Speech"
"S1207.wav","Laughter|Sneeze|Speech"
"S1203.wav","Filler|Inside, small room|Sniff|Speech|Telephone"
"S1519.wav","Filler|Speech"
"S0728.wav","Filler|Sniff|Speech"
"S2322.wav","Filler|Speech"
"S1292.wav","Filler|Speech"
"S0970.wav","Filler|Speech"
"S0134.wav","Laughter|Speech"
"S1201.wav","Filler|Male speech, man speaking|Narration, monologue|Speech"
"S0563.wav","Filler|Inside, small room|Speech|Writing"
"S0946.wav","Laughter|Sniff|Speech"
"S1904.wav","Filler|Sniff|Speech"
"S0426.wav","Laughter|Speech"
"S2270.wav","Filler|Sniff|Speech"
"S2680.wav","Clicking|Filler|Speech|Telephone"
"S2448.wav","Laughter|Speech"
"S1766.wav","Filler|Speech"
"S1862.wav","Filler|Insect|Speech"
"S0709.wav","Filler|Sniff|Speech"
"S1657.wav","Filler|Sniff|Speech|Telephone"
"S1062.wav","Filler|Laughter|Speech"
"S0847.wav","Laughter|Speech"
"S0043.wav","Filler|Speech"
"S0980.wav","Laughter|Speech"
"S2399.wav","Laughter|Sniff|Speech"
"S0550.wav","Filler|Laughter|Speech"
"S0227.wav","Filler|Speech|Telephone"
"S1977.wav","Filler|Insect|Speech"
"S1526.wav","Clicking|Filler|Speech"
"S1818.wav","Filler|Speech"
"S0770.wav","Laughter|Sneeze|Speech"
"S2020.wav","Filler|Narration, monologue|Speech"
"S1704.wav","Filler|Speech|Telephone"
"S1148.wav","Filler|Speech"
"S1273.wav","Filler|Laughter|Speech"
"S0211.wav","Cap gun|Filler|Speech"
"S0020.wav","Filler|Laughter|Sneeze|Speech|Telephone"
"S1179.wav","Cricket|Filler|Insect|Speech"
"S0138.wav","Laughter|Speech"
"S0873.wav","Filler|Inside, small room|Speech|Telephone"
"S1188.wav","Filler|Insect|Speech"
"S1341.wav","Laughter|Sniff|Speech"
"S1919.wav","Filler|Speech"
"S1175.wav","Filler|Speech"
"S1646.wav","Filler|Narration, monologue|Speech"
"S2227.wav","Filler|Sniff|Speech"
"S1487.wav","Filler|Narration, monologue|Speech"
"S0370.wav","Filler|Insect|Speech"
"S0151.wav","Filler|Laughter|Sniff|Speech"
"S2300.wav","Filler|Speech"
"S1634.wav","Filler|Speech"
"S0472.wav","Laughter|Sneeze|Speech|Whispering"
"S2179.wav","Camera|Filler|Speech"
"S0701.wav","Filler|Speech"
"S1684.wav","Filler|Speech|Telephone"
"S0992.wav","Filler|Speech|Speech synthesizer"
"S0702.wav","Filler|Sniff|Speech"
"S0791.wav","Filler|Speech"
"S2147.wav","Clicking|Filler|Inside, small room|Sniff|Speech"
"S2332.wav","Laughter|Speech"
"S0199.wav","Laughter|Sniff|Speech"
"S0238.wav","Filler|Speech"
"S1985.wav","Clicking|Filler|Speech"
"S0667.wav","Filler|Sniff|Speech"
"S1266.wav","Filler|Speech"
"S1599.wav","Filler|Mains hum|Speech"
"S1079.wav","Cough|Laughter|Speech|Throat clearing"
"S2587.wav","Filler|Laughter|Sniff|Speech"
"S0646.wav","Laughter|Speech"
"S1001.wav","Filler|Inside, small room|Sniff|Speech"
"S1596.wav","Filler|Laughter|Sniff|Speech"
"S1676.wav","Filler|Laughter|Speech"
"S0150.wav","Filler|Speech"
"S1301.wav","Filler|Speech"
"S0719.wav","Filler|Speech"
"S2216.wav","Filler|Speech"
"S0542.wav","Filler|Laughter|Speech"
"S1092.wav","Filler|Speech"
"S2140.wav","Filler|Sniff|Speech"
"S0346.wav","Laughter|Sniff|Speech"
"S0156.wav","Filler|Speech"
"S1295.wav","Clicking|Filler|Speech"
"S1128.wav","Filler|Speech"
"S2416.wav","Laughter|Speech"
"S0807.wav","Filler|Speech"
"S2187.wav","Clicking|Filler|Speech"
"S2223.wav","Laughter|Speech"
"S0591.wav","Filler|Sniff|Speech"
"S2287.wav","Filler|Sniff|Speech"
"S1308.wav","Filler|Inside, small room|Speech|Telephone"
"S2155.wav","Filler|Sniff|Snoring|Speech"
"S1582.wav","Filler|Laughter|Sniff|Speech"
"S2460.wav","Laughter|Speech"
"S0100.wav","Clicking|Filler|Speech"
"S1125.wav","Laughter|Speech"
"S0427.wav","Laughter|Speech"
"S0743.wav","Filler|Speech"
"S0831.wav","Clicking|Filler|Inside, small room|Speech|Telephone"
"S0409.wav","Filler|Speech|Telephone"
"S1929.wav","Clicking|Filler|Speech"
"S2522.wav","Filler|Sniff|Speech|Telephone"
"S0341.wav","Filler|Speech"
"S2347.wav","Laughter|Sniff|Speech"
"S2242.wav","Cap gun|Filler|Speech"
"S0475.wav","Filler|Sniff|Snort|Speech"
"S1598.wav","Filler|Speech"
"S1481.wav","Filler|Sniff|Speech"
"S0715.wav","Inside, small room|Laughter|Sniff|Speech|Telephone"
"S0056.wav","Filler|Sniff|Speech"
"S2145.wav","Filler|Speech"
"S0750.wav","Filler|Laughter|Speech|Telephone"
"S1173.wav","Filler|Speech"
"S0952.wav","Clicking|Filler|Speech"
"S1531.wav","Inside, small room|Laughter|Speech|Telephone"
"S0092.wav","Filler|Narration, monologue|Speech|Speech synthesizer"
"S2593.wav","Chewing, mastication|Clicking|Laughter|Speech"
"S1714.wav","Filler|Speech"
"S2675.wav","Laughter"
"S2756.wav","Filler|Narration, monologue|Speech"
"S2297.wav","Filler|Speech|Telephone"
"S2490.wav","Filler|Narration, monologue|Speech"
"S0121.wav","Filler|Speech"
"S2412.wav","Laughter|Speech"
"S0853.wav","Filler|Speech"
"S1137.wav","Filler|Speech"
"S0706.wav","Filler|Inside, small room|Sniff|Speech"
"S2246.wav","Filler|Inside, small room|Speech|Telephone"
"S1296.wav","Filler|Speech"
"S2626.wav","Filler|Speech"
"S1199.wav","Clicking|Filler|Inside, small room|Speech|Telephone"
"S1588.wav","Filler|Laughter|Speech"
"S1000.wav","Filler|Male speech, man speaking|Speech|Whistling"
"S0947.wav","Inside, small room|Laughter|Speech"
"S0948.wav","Filler|Speech"
"S0584.wav","Female speech, woman speaking|Filler|Narration, monologue|Speech"
"S1177.wav","Laughter|Sniff|Speech"
"S0878.wav","Filler|Inside, small room|Speech|Telephone"
"S1536.wav","Filler|Speech"
"S0777.wav","Filler|Sniff|Speech"
"S0795.wav","Filler|Speech"
"S1389.wav","Laughter|Speech"
"S1479.wav","Filler|Speech|Writing"
"S1320.wav","Filler|Inside, small room|Speech|Telephone"
"S0568.wav","Clicking|Filler|Inside, small room|Speech"
"S0678.wav","Filler|Laughter|Sniff|Speech"
"S1291.wav","Laughter|Speech"
"S0094.wav","Filler|Narration, monologue|Speech|Speech synthesizer"
"S1172.wav","Filler|Laughter|Speech"
"S0154.wav","Animal|Cat|Domestic animals, pets|Laughter|Patter|Sniff|Speech"
"S0880.wav","Filler|Sniff|Speech"
"S1620.wav","Laughter|Sneeze|Speech"
"S1604.wav","Filler|Speech|Writing"
"S0717.wav","Filler|Inside, small room|Speech"
"S1809.wav","Filler|Speech"
"S2101.wav","Clicking|Laughter|Speech"
"S2710.wav","Filler|Speech"
"S1618.wav","Laughter|Sniff|Speech|Telephone"
"S2677.wav","Filler|Laughter|Sniff|Speech"
"S2725.wav","Filler|Laughter|Speech"
"S1713.wav","Clicking|Filler|Laughter|Speech"
"S2220.wav","Filler|Sniff|Speech"
"S1435.wav","Filler|Speech"
"S0307.wav","Filler|Sniff|Speech|Telephone"
"S0727.wav","Filler|Speech|Telephone"
"S0420.wav","Filler|Speech"
"S1807.wav","Laughter|Sneeze"
"S2115.wav","Filler|Speech"
"S0126.wav","Filler|Laughter|Speech"
"S0357.wav","Filler|Speech"
"S1006.wav","Filler|Speech"
"S1514.wav","Filler|Speech|Telephone"
"S2501.wav","Filler|Inside, small room|Speech|Telephone"
"S2529.wav","Filler|Speech"
"S1334.wav","Filler|Laughter|Speech"
"S0084.wav","Filler|Sniff|Speech"
"S0605.wav","Filler|Laughter|Speech"
"S2080.wav","Filler|Sniff|Speech"
"S0525.wav","Filler|Laughter|Speech"
"S0579.wav","Filler|Speech|Telephone"
"S1158.wav","Filler|Speech"
"S2545.wav","Filler|Speech"
"S0013.wav","Laughter|Speech"
"S1957.wav","Clicking|Filler|Laughter|Speech"
"S0943.wav","Cricket|Filler|Insect|Speech"
"S0436.wav","Laughter|Speech"
"S1521.wav","Filler|Speech"
"S1953.wav","Filler|Speech"
"S0711.wav","Filler|Sniff|Speech"
"S0576.wav","Filler|Speech"
"S2329.wav","Filler|Sniff|Speech"
"S2761.wav","Filler|Sniff|Speech|Telephone"
"S1914.wav","Filler|Sniff|Speech"
"S0033.wav","Filler|Laughter|Speech"
"S1347.wav","Laughter|Speech"
"S2058.wav","Filler|Sniff|Speech"
"S2471.wav","Filler|Speech|Telephone"
"S2040.wav","Filler|Speech|Writing"
"S0418.wav","Filler|Speech"
"S1130.wav","Filler|Speech"
"S2486.wav","Filler|Sniff|Speech|Telephone"
"S0276.wav","Laughter|Speech"
"S1597.wav","Filler|Speech"
"S1029.wav","Filler|Speech"
"S2580.wav","Filler|Speech"
"S1437.wav","Filler|Speech"
"S0388.wav","Filler|Speech"
"S0643.wav","Laughter|Sniff|Speech"
"S0724.wav","Filler|Speech"
"S2736.wav","Filler|Insect|Narration, monologue|Speech"
"S2188.wav","Filler|Sniff|Speech"
"S1460.wav","Filler|Sniff|Speech"
"S0562.wav","Clicking|Filler|Speech"
"S1010.wav","Filler|Speech"
"S1680.wav","Filler|Laughter|Speech"
"S2400.wav","Filler|Speech"
"S1539.wav","Clicking|Filler|Speech"
"S1378.wav","Filler|Insect|Speech"
"S1098.wav","Filler|Speech"
"S0703.wav","Laughter|Sneeze|Sniff|Speech"
"S1626.wav","Filler|Laughter|Sniff|Speech"
"S2660.wav","Filler|Speech|Telephone"
"S2170.wav","Filler|Speech"
"S2110.wav","Clicking|Filler|Speech"
"S0040.wav","Clicking|Filler|Speech"
"S0152.wav","Filler|Narration, monologue|Speech"
"S2577.wav","Filler|Laughter|Speech|Whispering"
"S2644.wav","Filler|Laughter|Male speech, man speaking|Narration, monologue|Speech"
"S0431.wav","Laughter|Speech"
"S2114.wav","Filler|Inside, small room|Speech|Telephone"
"S0672.wav","Filler|Speech"
"S2292.wav","Laughter"
"S1968.wav","Clicking|Laughter|Speech"
"S1140.wav","Filler|Speech"
"S0157.wav","Burping, eructation|Laughter|Patter|Sniff|Speech"
"S1681.wav","Laughter|Speech|Telephone"
"S1955.wav","Filler|Sneeze|Speech"
"S2143.wav","Filler|Laughter|Speech|Whistling"
"S1491.wav","Filler|Laughter|Narration, monologue|Speech"
"S0983.wav","Filler|Speech"
"S0295.wav","Filler|Sniff|Speech"
"S0645.wav","Burping, eructation|Laughter|Sneeze|Speech"
"S1632.wav","Laughter|Speech|Telephone"
"S2557.wav","Clicking|Inside, small room|Laughter|Speech"
"S0962.wav","Filler|Speech"
"S0215.wav","Filler|Speech"
"S1716.wav","Filler|Speech"
"S1635.wav","Filler|Sniff|Speech|Telephone"
"S1829.wav","Clicking|Filler|Speech"
"S0007.wav","Filler|Sniff|Speech"
"S2100.wav","Filler|Speech"
"S0859.wav","Laughter|Speech"
"S2691.wav","Laughter|Speech"
"S2019.wav","Filler|Speech"
"S0819.wav","Clicking|Filler|Sniff|Speech"
"S1120.wav","Filler|Speech"
"S1901.wav","Clicking|Filler|Speech"
"S1096.wav","Filler|Speech"
"S2547.wav","Filler|Speech"
"S0973.wav","Laughter|Speech"
"S2250.wav","Filler|Speech"
"S1656.wav","Filler|Inside, small room|Speech|Telephone"
"S0814.wav","Clicking|Filler|Speech"
"S1059.wav","Filler|Speech"
"S2654.wav","Filler|Laughter|Speech|Telephone"
"S2536.wav","Filler|Sniff|Speech"
"S0768.wav","Laughter|Sneeze|Sniff|Speech"
"S2456.wav","Clicking|Filler|Inside, small room|Speech|Telephone"
"S0577.wav","Clicking|Filler|Inside, small room|Speech"
"S0153.wav","Laughter|Sniff|Speech"
"S0484.wav","Laughter|Sneeze|Speech|Telephone"
"S0402.wav","Laughter|Speech"
"S1869.wav","Filler|Narration, monologue|Speech"
"S1964.wav","Filler|Laughter|Speech"
"S0155.wav","Filler|Laughter|Sniff|Speech"
"S2049.wav","Laughter|Sniff|Speech"
"S0119.wav","Filler|Laughter|Speech"
"S2751.wav","Filler|Sniff|Speech|Whispering"
"S1658.wav","Filler|Speech|Telephone"
"S2707.wav","Laughter|Sniff|Speech"
"S2164.wav","Filler|Speech"
"S1741.wav","Filler|Speech|Writing"
"S0867.wav","Filler|Narration, monologue|Speech"
"S2762.wav","Hiccup|Laughter|Speech"
"S0628.wav","Filler|Sniff|Speech"
"S0764.wav","Filler|Sniff|Speech|Telephone"
"S2391.wav","Filler|Laughter|Sneeze|Speech"
"S0905.wav","Filler|Male speech, man speaking|Narration, monologue|Speech|Speech synthesizer"
"S1450.wav","Filler|Speech|Telephone"
"S2167.wav","Laughter|Sniff|Speech"
"S2609.wav","Animal|Chewing, mastication|Domestic animals, pets|Laughter|Sniff|Speech"
"S2004.wav","Filler|Speech"
"S0683.wav","Filler|Inside, small room|Speech|Telephone"
"S0619.wav","Filler|Sniff|Speech"
"S1996.wav","Filler|Sniff|Speech"
"S2206.wav","Fart|Filler|Speech"
"S2492.wav","Filler|Speech"
"S0363.wav","Filler|Speech"
"S2065.wav","Filler|Male speech, man speaking|Narration, monologue|Speech"
"S1782.wav","Laughter|Sniff|Speech"
"S2708.wav","Filler|Speech|Telephone"
"S0186.wav","Cricket|Filler|Insect|Speech"
"S2463.wav","Laughter|Sneeze|Speech"
"S0029.wav","Filler|Speech|Telephone"
"S2469.wav","Laughter|Speech"
"S2733.wav","Bee, wasp, etc.|Cricket|Filler|Insect|Speech"
"S0258.wav","Filler|Sniff|Speech"
"S2371.wav","Filler|Laughter|Speech|Telephone"
"S1403.wav","Cricket|Filler|Insect|Speech"
"S1528.wav","Clicking|Filler|Inside, small room|Speech"
"S0137.wav","Laughter|Speech"
"S2658.wav","Filler|Insect|Speech|Telephone"
"S1127.wav","Filler|Speech"
"S2253.wav","Laughter|Speech|Telephone"
"S2341.wav","Laughter|Sniff|Speech"
"S1352.wav","Laughter|Sniff|Speech|Wheeze"
"S2364.wav","Filler|Speech|Telephone"
"S1649.wav","Filler|Laughter|Speech"
"S0988.wav","Filler|Male speech, man speaking|Narration, monologue|Speech"
"S1670.wav","Laughter|Speech"
"S2041.wav","Filler|Speech"
"S1537.wav","Laughter|Sniff|Speech"
"S1518.wav","Filler|Narration, monologue|Sniff|Speech"
"S2581.wav","Filler|Sniff|Speech"
"S2721.wav","Filler|Laughter|Speech"
"S0042.wav","Filler|Speech"
"S2090.wav","Clicking|Filler|Narration, monologue|Speech"
"S2258.wav","Laughter|Sniff|Speech"
"S1463.wav","Filler|Laughter|Sniff|Speech|Telephone"
"S2627.wav","Filler|Speech"
"S1690.wav","Clicking|Filler|Inside, small room|Sniff|Speech"
"S1498.wav","Clicking|Filler|Speech"
"S1878.wav","Filler|Speech"
"S2621.wav","Filler|Speech"
"S1925.wav","Filler|Laughter|Speech"
"S0130.wav","Laughter|Speech"
"S1256.wav","Filler|Inside, small room|Sniff|Speech|Writing"
"S1737.wav","Filler|Speech"
"S2280.wav","Laughter|Speech"
"S1533.wav","Filler|Inside, small room|Speech|Telephone"
"S1162.wav","Filler|Speech"
"S0931.wav","Clicking|Filler|Speech"
"S0829.wav","Filler|Speech"
"S1182.wav","Filler|Speech"
"S1746.wav","Filler|Speech"
"S2201.wav","Filler|Laughter|Sniff|Speech"
"S1910.wav","Filler|Sniff|Speech"
"S0982.wav","Laughter|Speech"
"S1413.wav","Filler|Laughter|Speech"
"S1976.wav","Filler|Insect|Speech"
"S0487.wav","Filler|Narration, monologue|Speech"
"S1673.wav","Laughter|Sniff|Speech"
"S2075.wav","Clicking|Filler|Speech"
"S2453.wav","Filler|Inside, small room|Speech|Telephone"
"S1695.wav","Clicking|Filler|Speech"
"S2592.wav","Chewing, mastication|Filler|Inside, small room|Speech"
"S2254.wav","Laughter|Sniff|Speech|Telephone"
"S0800.wav","Filler|Sniff|Speech"
"S0205.wav","Filler|Laughter|Male speech, man speaking|Narration, monologue|Speech"
"S1132.wav","Filler|Sniff|Speech"
"S2457.wav","Filler|Laughter|Speech|Telephone"
"S2544.wav","Filler|Speech"
"S1396.wav","Filler|Speech|Telephone"
"S2328.wav","Filler|Laughter|Speech"
"S0900.wav","Filler|Sniff|Speech"
"S1671.wav","Filler|Inside, small room|Sniff|Speech"
"S2096.wav","Filler|Speech|Telephone"
"S1225.wav","Filler|Inside, small room|Sniff|Speech"
"S0879.wav","Laughter|Speech|Telephone"
"S2346.wav","Filler|Laughter|Sniff|Speech"
"S1311.wav","Filler|Narration, monologue|Speech|Telephone"
"S1712.wav","Hiccup|Laughter|Speech"
"S0797.wav","Filler|Sniff|Speech"
"S2578.wav","Laughter|Speech"
"S0538.wav","Filler|Insect|Speech"
"S0586.wav","Filler|Speech"
"S0635.wav","Filler|Inside, small room|Speech|Telephone"
"S1973.wav","Cricket|Filler|Insect|Speech"
"S0334.wav","Filler|Inside, small room|Speech"
"S1881.wav","Laughter|Speech"
"S2615.wav","Filler|Laughter|Sniff|Speech"
"S2138.wav","Clicking|Filler|Inside, small room|Sniff|Speech"
"S1002.wav","Filler|Speech"
"S2541.wav","Filler|Speech"
"S2567.wav","Filler|Insect|Speech"
"S1281.wav","Filler|Speech|Telephone"
"S2671.wav","Filler|Speech"
"S0057.wav","Filler|Speech"
"S2514.wav","Filler|Speech|Telephone"
"S1760.wav","Filler|Speech"
"S0631.wav","Filler|Sniff|Speech"
"S0461.wav","Filler|Sniff|Speech"
"S0883.wav","Filler|Sniff|Speech|Telephone"
"S2478.wav","Filler|Speech"
"S1876.wav","Clicking|Filler|Narration, monologue|Speech"
"S1745.wav","Clicking|Filler|Speech"
"S1758.wav","Filler|Speech"
"S2401.wav","Laughter|Speech"
"S0874.wav","Filler|Speech"
"S0864.wav","Laughter|Sneeze|Speech"
"S0788.wav","Filler|Speech"
"S0508.wav","Filler|Inside, small room|Sniff|Speech"
"S0206.wav","Filler|Speech|Telephone"
"S1921.wav","Filler|Speech"
"S1133.wav","Filler|Speech"
"S2264.wav","Laughter|Speech"
"S0935.wav","Filler|Speech"
"S0404.wav","Filler|Speech"
"S0124.wav","Laughter|Sniff|Speech"
"S2267.wav","Filler|Speech"
"S1187.wav","Filler|Speech"
"S1560.wav","Filler|Speech|Telephone"
"S2050.wav","Filler|Laughter|Sniff|Speech"
"S1772.wav","Filler|Narration, monologue|Speech"
"S0830.wav","Filler|Speech"
"S1776.wav","Filler|Speech"
"S0492.wav","Hiccup|Laughter|Speech|Telephone"
"S1051.wav","Animal|Cat|Domestic animals, pets|Filler|Meow|Speech"
"S1731.wav","Laughter|Speech"
"S1164.wav","Filler|Speech"
"S1021.wav","Clicking|Filler|Inside, small room|Sniff|Speech"
"S0987.wav","Laughter|Sniff|Speech"
"S1917.wav","Filler|Sniff|Speech"
"S1834.wav","Filler|Speech"
"S0132.wav","Laughter|Speech"
"S2165.wav","Clicking|Filler|Speech"
"S1887.wav","Laughter|Speech"
"S0954.wav","Filler|Speech"
"S2418.wav","Filler|Speech"
"S2012.wav","Filler|Insect|Speech"
"S0183.wav","Filler|Speech|Telephone"
"S0860.wav","Filler|Sniff|Speech"
"S0912.wav","Filler|Speech"
"S2512.wav","Filler|Speech"
"S0957.wav","Filler|Speech"
"S1812.wav","Clicking|Filler|Speech"
"S0623.wav","Filler|Speech"
"S1909.wav","Filler|Sniff|Speech"
"S0547.wav","Filler|Speech"
"S2487.wav","Filler|Speech"
"S2014.wav","Filler|Male speech, man speaking|Narration, monologue|Speech"
"S2630.wav","Filler|Speech"
"S0803.wav","Filler|Sniff|Speech"
"S0443.wav","Cough|Laughter|Speech"
"S0367.wav","Filler|Speech"
"S0220.wav","Filler|Speech"
"S0930.wav","Clicking|Filler|Insect|Speech"
"S1433.wav","Laughter|Speech"
"S0139.wav","Filler|Speech"
"S2426.wav","Laughter|Speech"
"S0246.wav","Filler|Speech"
"S0290.wav","Clicking|Filler|Inside, small room|Speech"
"S1152.wav","Clicking|Duck|Filler|Quack|Speech"
"S0758.wav","Filler|Sniff|Speech"
"S0977.wav","Filler|Speech"
"S0976.wav","Laughter|Sneeze|Speech"
"S0517.wav","Filler|Laughter|Speech"
"S0245.wav","Filler|Speech"
"S1377.wav","Filler|Narration, monologue|Speech|Telephone"
"S0744.wav","Filler|Speech"
"S0596.wav","Laughter|Speech"
"S1707.wav","Clicking|Filler|Inside, small room|Speech"
"S2383.wav","Filler|Speech"
"S0627.wav","Filler|Sniff|Speech"
"S1064.wav","Filler|Inside, small room|Speech"
"S1191.wav","Laughter|Speech"
"S1438.wav","Filler|Speech"
"S1742.wav","Filler|Speech"
"S0558.wav","Clicking|Filler|Speech"
"S1549.wav","Filler|Laughter|Speech"
"S0885.wav","Filler|Narration, monologue|Speech"
"S1056.wav","Filler|Speech"
"S1041.wav","Laughter|Speech"
"S0682.wav","Filler|Laughter|Sniff|Speech"
"S2186.wav","Filler|Sniff|Speech"
"S0856.wav","Filler|Speech"
"S0872.wav","Female speech, woman speaking|Filler|Narration, monologue|Speech"
"S2021.wav","Filler|Narration, monologue|Speech"
"S2440.wav","Filler|Laughter|Hiccup|Speech"
"S0716.wav","Filler|Speech"
"S0001.wav","Filler|Speech"
"S2520.wav","Filler|Sniff|Speech|Telephone"
"S1733.wav","Filler|Laughter|Speech"
"S0311.wav","Animal|Filler|Speech"
"S2720.wav","Filler|Laughter|Speech|Telephone"
"S1512.wav","Filler|Speech"
"S2277.wav","Filler|Speech"
"S0459.wav","Laughter|Speech"
"S2616.wav","Filler|Speech"
"S0271.wav","Filler|Speech"
"S0618.wav","Filler|Speech"
"S2591.wav","Chewing, mastication|Filler|Inside, small room|Speech"
"S1427.wav","Filler|Speech"
"S1794.wav","Clicking|Filler|Speech"
"S1880.wav","Clicking|Filler|Speech"
"S0360.wav","Filler|Laughter|Speech"
"S0869.wav","Female speech, woman speaking|Filler|Inside, small room|Narration, monologue|Sniff|Speech"
"S0403.wav","Arrow|Laughter|Speech"
"S0624.wav","Clicking|Filler|Speech"
"S1954.wav","Cricket|Filler|Insect|Speech"
"S1718.wav","Filler|Sniff|Speech"
"S2251.wav","Filler|Laughter|Sniff|Speech"
"S2113.wav","Clicking|Filler|Speech"
"S0801.wav","Filler|Speech"
"S2716.wav","Filler|Speech"
"S2642.wav","Clicking|Filler|Speech"
"S0192.wav","Laughter|Sniff|Speech"
"S0254.wav","Cricket|Filler|Insect|Speech"
"S0887.wav","Filler|Narration, monologue|Speech"
"S2235.wav","Filler|Male speech, man speaking|Narration, monologue|Speech"
"S2452.wav","Laughter|Speech"
"S0015.wav","Laughter|Sniff|Speech|Telephone"
"S2118.wav","Filler|Sniff|Speech"
"S1026.wav","Laughter|Sniff|Speech"
"S1988.wav","Filler|Speech"
"S2461.wav","Filler|Inside, small room|Speech"
"S0074.wav","Filler|Narration, monologue|Speech"
"S0277.wav","Laughter|Sniff|Speech"
"S0108.wav","Clicking|Laughter|Speech"
"S0022.wav","Filler|Sneeze|Speech"
"S1353.wav","Laughter|Speech"
"S1395.wav","Filler|Speech"
"S0430.wav","Animal|Filler|Speech"
"S2389.wav","Laughter|Sneeze|Speech"
"S1587.wav","Filler|Speech"
"S1640.wav","Filler|Narration, monologue|Speech"
"S2676.wav","Laughter|Speech"
"S2247.wav","Filler|Speech|Telephone"
"S0279.wav","Clicking|Filler|Inside, small room|Speech"
"S0934.wav","Clicking|Filler|Speech"
"S0387.wav","Filler|Male speech, man speaking|Narration, monologue|Speech"
"S1778.wav","Filler|Speech|Telephone"
"S1103.wav","Filler|Speech"
"S1492.wav","Filler|Laughter|Sniff|Speech"
"S0169.wav","Hiccup|Laughter|Speech"
"S1959.wav","Filler|Speech"
"S2466.wav","Filler|Inside, small room|Speech"
"S0448.wav","Laughter|Speech"
"S2033.wav","Clicking|Filler|Speech"
"S2639.wav","Filler|Speech"
"S1211.wav","Filler|Laughter|Sniff|Speech"
"S0999.wav","Filler|Speech"
"S2674.wav","Laughter|Speech"
"S0204.wav","Coin (dropping)|Filler|Speech"
"S0821.wav","Filler|Speech"
"S1055.wav","Filler|Speech|Telephone"
"S2294.wav","Filler|Speech"
"S1268.wav","Filler|Speech|Writing"
"S1781.wav","Filler|Speech"
"S0332.wav","Filler|Insect|Speech"
"S2393.wav","Filler|Laughter|Speech|Telephone"
"S1719.wav","Filler|Sniff|Speech"
"S1200.wav","Laughter|Speech"
"S0509.wav","Filler|Speech"
"S2726.wav","Filler|Insect|Narration, monologue|Speech"
"S0521.wav","Filler|Laughter|Speech"
"S2422.wav","Laughter|Speech"
"S1345.wav","Laughter|Speech"
"S1804.wav","Filler|Narration, monologue|Speech"
"S0110.wav","Filler|Laughter|Insect|Speech"
"S0362.wav","Filler|Insect|Speech"
"S1613.wav","Cough|Filler|Laughter|Speech"
"S0123.wav","Filler|Speech"
"S2126.wav","Laughter|Sniff|Speech"
"S0083.wav","Filler|Narration, monologue|Speech"
"S2211.wav","Filler|Laughter|Sniff|Speech"
"S1299.wav","Laughter|Male speech, man speaking|Narration, monologue|Speech"
"S1030.wav","Filler|Speech"
"S1783.wav","Filler|Speech|Whispering"
"S1028.wav","Filler|Speech|Telephone"
"S1945.wav","Filler|Laughter|Speech"
"S0118.wav","Filler|Speech"
"S2190.wav","Filler|Sniff|Speech"
"S2099.wav","Laughter|Sniff|Speech"
"S1263.wav","Hiccup|Laughter|Speech"
"S1958.wav","Filler|Speech"
"S1363.wav","Laughter|Speech"
"S0575.wav","Clicking|Filler|Speech"
"S1163.wav","Filler|Speech|Writing"
"S0214.wav","Filler|Laughter|Speech|Telephone"
"S2386.wav","Laughter|Speech|Telephone"
"S1896.wav","Animal|Domestic animals, pets|Laughter|Speech"
"S1720.wav","Laughter|Speech"
"S1554.wav","Filler|Speech"
"S0398.wav","Filler|Inside, small room|Speech"
"S2533.wav","Filler|Speech"
"S1013.wav","Clicking|Filler|Inside, small room|Speech"
"S2441.wav","Laughter|Speech"
"S0109.wav","Filler|Speech"
"S1418.wav","Filler|Speech"
"S2493.wav","Laughter|Sniff|Speech"
"S2116.wav","Clicking|Filler|Inside, small room|Speech"
"S1903.wav","Filler|Laughter|Speech"
"S1882.wav","Filler|Male speech, man speaking|Narration, monologue|Speech"
"S1457.wav","Filler|Laughter|Sniff|Speech|Telephone"
"S0439.wav","Laughter|Speech"
"S0293.wav","Filler|Speech|Speech synthesizer"
"S0893.wav","Filler|Sniff|Speech"
"S2538.wav","Bleat|Filler|Sheep|Speech"
"S2127.wav","Filler|Laughter|Speech"
"S2483.wav","Filler|Sniff|Speech|Telephone"
"S0523.wav","Filler|Laughter|Speech"
"S0655.wav","Filler|Sniff|Speech"
"S0997.wav","Filler|Speech"
"S0096.wav","Filler|Male speech, man speaking|Narration, monologue|Speech|Speech synthesizer"
"S1542.wav","Clicking|Filler|Speech"
"S0919.wav","Filler|Sniff|Speech"
"S1663.wav","Laughter|Speech|Telephone"
"S0766.wav","Filler|Speech|Telephone"
"S1703.wav","Clicking|Filler|Inside, small room|Speech"
"S1415.wav","Filler|Laughter|Speech"
"S2042.wav","Filler|Speech"
"S2682.wav","Filler|Speech"
"S0671.wav","Laughter|Speech"
"S1156.wav","Filler|Speech"
"S0136.wav","Laughter|Speech"
"S0721.wav","Cricket|Filler|Insect|Speech"
"S1922.wav","Filler|Speech|Telephone"
"S1442.wav","Laughter|Speech"
"S0389.wav","Filler|Male speech, man speaking|Narration, monologue|Speech"
"S2563.wav","Filler|Speech"
"S2369.wav","Filler|Speech|Telephone"
"S0065.wav","Filler|Speech"
"S1346.wav","Filler|Sniff|Speech"
"S2038.wav","Clicking|Filler|Speech"
"S0337.wav","Filler|Sniff|Speech"
"S1354.wav","Laughter|Sniff|Speech"
"S0053.wav","Laughter|Speech"
"S0423.wav","Laughter|Sneeze|Speech"
"S2217.wav","Laughter|Sneeze|Speech"
"S2169.wav","Filler|Speech"
"S0565.wav","Filler|Inside, small room|Speech|Writing"
"S1608.wav","Filler|Laughter|Speech"
"S0088.wav","Female speech, woman speaking|Filler|Narration, monologue|Speech|Speech synthesizer"
"S1859.wav","Filler|Speech"
"S2739.wav","Filler|Laughter|Sniff|Speech"
"S1483.wav","Filler|Insect|Speech"
"S0103.wav","Laughter|Speech"
"S1121.wav","Filler|Speech"
"S2213.wav","Filler|Speech"
"S0146.wav","Laughter|Sniff|Speech"
"S1696.wav","Clicking|Filler|Speech"
"S2318.wav","Clicking|Filler|Speech"
"S1980.wav","Filler|Sniff|Speech"
"S0400.wav","Clicking|Laughter|Speech"
"S1845.wav","Clicking|Filler|Speech"
"S1756.wav","Filler|Speech"
"S2714.wav","Clicking|Filler|Speech"
"S1489.wav","Filler|Inside, small room|Sniff|Speech"
"S2397.wav","Filler|Insect|Speech"
"S1262.wav","Laughter|Speech"
"S2117.wav","Cough|Filler|Laughter|Sniff|Speech"
"S0500.wav","Filler|Speech"
"S2750.wav","Female speech, woman speaking|Filler|Narration, monologue|Speech"
"S1241.wav","Filler|Narration, monologue|Speech"
"S1612.wav","Filler|Speech"
"S0441.wav","Laughter|Speech|Telephone"
"S0345.wav","Filler|Laughter|Inside, small room|Speech|Telephone"
"S1181.wav","Filler|Speech"
"S2160.wav","Clicking|Filler|Laughter|Speech"
"S1386.wav","Filler|Speech"
"S0326.wav","Animal|Laughter|Speech"
"S2651.wav","Laughter|Speech|Telephone"
"S2086.wav","Clicking|Filler|Speech"
"S2686.wav","Filler|Laughter|Sniff|Speech"
"S1830.wav","Filler|Laughter|Speech"
"S1836.wav","Clicking|Filler|Speech"
"S1992.wav","Filler|Speech"
"S2055.wav","Laughter|Sniff|Speech"
"S1584.wav","Filler|Laughter|Sneeze|Speech"
"S2240.wav","Filler|Sniff|Speech"
"S0166.wav","Laughter|Sneeze|Speech"
"S0543.wav","Filler|Insect|Speech"
"S1800.wav","Filler|Narration, monologue|Speech"
"S0182.wav","Animal|Laughter|Speech"
"S2067.wav","Filler|Male speech, man speaking|Narration, monologue|Speech"
"S0926.wav","Filler|Insect|Speech"
"S0889.wav","Filler|Speech|Telephone"
"S0612.wav","Laughter|Speech"
"S1260.wav","Laughter|Sniff|Speech"
"S0328.wav","Laughter|Speech"
"S0590.wav","Filler|Speech"
"S0327.wav","Animal|Filler|Laughter|Speech"
"S0902.wav","Filler|Speech"
"S0588.wav","Filler|Insect|Speech"
"S1464.wav","Laughter|Speech|Telephone"
"S1419.wav","Laughter|Speech"
"S2588.wav","Filler|Speech"
"S2527.wav","Clicking|Filler|Inside, small room|Speech"
"S1090.wav","Filler|Speech"
"S1074.wav","Clicking|Filler|Speech"
"S2614.wav","Filler|Inside, small room|Speech"
"S2051.wav","Laughter|Sneeze|Sniff|Speech"
"S2162.wav","Filler|Speech"
"S2305.wav","Filler|Speech"
"S0449.wav","Laughter|Speech"
"S0894.wav","Filler|Speech|Telephone"
"S0063.wav","Filler|Inside, small room|Speech|Telephone"
"S0793.wav","Filler|Laughter|Speech"
"S0975.wav","Laughter|Sniff|Speech"
"S1795.wav","Laughter|Speech"
"S1801.wav","Filler|Sniff|Speech"
"S0428.wav","Laughter|Speech"
"S2062.wav","Filler|Speech"
"S0190.wav","Filler|Speech"
"S1398.wav","Laughter|Speech"
"S1385.wav","Filler|Speech"
"S2530.wav","Filler|Laughter|Sniff|Speech"
"S1850.wav","Filler|Speech"
"S2489.wav","Filler|Inside, small room|Sneeze|Speech"
"S2205.wav","Laughter|Sneeze|Speech"
"S1036.wav","Filler|Laughter|Speech"
"S2521.wav","Filler|Laughter|Speech"
"S0496.wav","Filler|Sniff|Speech"
"S2590.wav","Filler|Sniff|Speech"
"S0802.wav","Filler|Speech"
"S2121.wav","Filler|Speech"
"S2646.wav","Filler|Speech"
"S0676.wav","Laughter|Speech"
"S0114.wav","Filler|Speech"
"S0289.wav","Clicking|Filler|Inside, small room|Sniff|Speech"
"S2409.wav","Filler|Speech"
"S1209.wav","Laughter|Sniff|Speech"
"S2017.wav","Filler|Narration, monologue|Speech"
"S1580.wav","Filler|Sniff|Speech"
"S2005.wav","Filler|Speech"
"S1628.wav","Filler|Laughter|Sniff|Speech"
"S0734.wav","Clicking|Filler|Speech"
"S2132.wav","Filler|Speech"
"S1872.wav","Filler|Male speech, man speaking|Narration, monologue|Sniff|Speech"
"S2000.wav","Filler|Laughter|Speech"
"S0397.wav","Filler|Laughter|Speech"
"S1967.wav","Cricket|Filler|Laughter|Insect|Speech"
"S2202.wav","Filler|Laughter|Sniff|Speech"
"S2233.wav","Filler|Speech"
"S0424.wav","Laughter|Speech|Telephone"
"S1326.wav","Filler|Laughter|Sniff|Speech"
"S1879.wav","Filler|Male speech, man speaking|Narration, monologue|Speech|Speech synthesizer"
"S2070.wav","Filler|Speech"
"S1764.wav","Insect|Laughter|Sneeze|Speech"
"S0142.wav","Laughter|Speech"
"S0319.wav","Laughter|Speech"
"S0414.wav","Filler|Speech"
"S1927.wav","Cricket|Filler|Insect|Speech"
"S2072.wav","Filler|Laughter|Male speech, man speaking|Narration, monologue|Speech"
"S0771.wav","Laughter|Sneeze|Sniff|Speech"
"S2390.wav","Filler|Speech"
"S1797.wav","Chewing, mastication|Filler|Speech"
"S0636.wav","Filler|Speech"
"S2018.wav","Laughter|Sneeze|Speech"
"S1054.wav","Filler|Speech|Telephone"
"S1907.wav","Filler|Speech"
"S0268.wav","Filler|Laughter|Speech"
"S0730.wav","Filler|Speech"
"S1529.wav","Clicking|Laughter|Sniff|Speech"
"S1336.wav","Filler|Speech|Telephone"
"S0745.wav","Filler|Speech|Telephone"
"S0951.wav","Filler|Speech|Telephone"
"S1579.wav","Clicking|Filler|Speech"
"S2255.wav","Filler|Sniff|Speech"
"S1084.wav","Filler|Laughter|Speech"
"S2528.wav","Filler|Narration, monologue|Speech"
"S1627.wav","Bleat|Filler|Sheep|Speech"
"S1688.wav","Laughter|Speech"
"S2003.wav","Filler|Insect|Speech"
"S0052.wav","Laughter|Speech"
"S2344.wav","Laughter|Sniff|Speech|Wheeze"
"S1412.wav","Filler|Speech"
"S1918.wav","Filler|Speech"
"S0024.wav","Laughter|Speech|Telephone"
"S1115.wav","Filler|Speech"
"S0462.wav","Filler|Sniff|Speech"
"S0953.wav","Filler|Laughter|Speech"
"S2552.wav","Clicking|Filler|Speech"
"S1258.wav","Burping, eructation|Filler|Laughter|Sniff|Speech"
"S2149.wav","Filler|Sniff|Speech"
"S1190.wav","Laughter|Speech|Telephone"
"S0310.wav","Animal|Laughter|Sniff|Speech"
"S1441.wav","Laughter|Sniff|Speech"
"S1685.wav","Filler|Speech"
"S2301.wav","Filler|Speech|Telephone"
"S2568.wav","Laughter|Speech"
"S1280.wav","Filler|Speech"
"S1344.wav","Filler|Speech"
"S2173.wav","Filler|Inside, small room|Sniff|Speech"
"S2603.wav","Animal|Cat|Laughter|Patter|Sniff|Speech"
"S1261.wav","Filler|Speech"
"S0055.wav","Filler|Speech|Telephone"
"S1343.wav","Laughter|Sniff|Speech"
"S2398.wav","Laughter|Speech"
"S0640.wav","Bird|Filler|Speech"
"S1290.wav","Clicking|Filler|Speech"
"S2311.wav","Clicking|Filler|Speech"
"S1711.wav","Clicking|Filler|Speech|Speech synthesizer"
"S2048.wav","Clicking|Filler|Sniff|Speech"
"S2043.wav","Filler|Inside, small room|Speech"
"S1432.wav","Filler|Speech"
"S0681.wav","Clicking|Filler|Inside, small room|Speech"
"S2009.wav","Filler|Speech"
"S1642.wav","Filler|Sniff|Speech|Telephone"
"S0861.wav","Laughter|Sneeze|Speech"
"S0366.wav","Filler|Speech"
"S2573.wav","Filler|Speech"
"S2284.wav","Filler|Sniff|Speech"
"S0965.wav","Laughter|Speech"
"S2392.wav","Laughter|Speech"
"S1965.wav","Cricket|Filler|Insect|Speech"
"S0519.wav","Filler|Speech"
"S0888.wav","Filler|Speech|Telephone"
"S1107.wav","Cricket|Filler|Insect|Speech"
"S0507.wav","Filler|Sniff|Speech"
"S0165.wav","Laughter|Speech"
"S1678.wav","Laughter|Sneeze|Speech|Telephone"
"S0850.wav","Clicking|Filler|Speech"
"S0540.wav","Filler|Laughter|Speech"
"S0806.wav","Filler|Sniff|Speech"
"S0914.wav","Clicking|Filler|Speech"
"S2238.wav","Filler|Inside, small room|Speech|Telephone"
"S1863.wav","Filler|Speech|Telephone"
"S2525.wav","Clicking|Filler|Inside, small room|Speech|Telephone"
"S0098.wav","Filler|Laughter|Speech"
"S0604.wav","Laughter|Speech"
"S2360.wav","Laughter|Speech"
"S2712.wav","Filler|Speech"
"S0086.wav","Filler|Narration, monologue|Speech"
"S1264.wav","Filler|Speech"
"S0921.wav","Cricket|Filler|Insect|Speech"
"S0364.wav","Filler|Speech"
"S1815.wav","Filler|Laughter|Narration, monologue|Speech"
"S0854.wav","Clicking|Laughter|Speech"
"S2154.wav","Animal|Dog|Domestic animals, pets|Filler|Snoring|Speech"
"S0200.wav","Filler|Sniff|Speech"
"S0306.wav","Filler|Sniff|Speech"
"S1583.wav","Filler|Speech"
"S0511.wav","Laughter|Sniff|Speech"
"S0242.wav","Laughter|Speech"
"S0421.wav","Filler|Speech"
"S1421.wav","Filler|Laughter|Speech"
"S0208.wav","Filler|Male speech, man speaking|Speech"
"S0444.wav","Clicking|Filler|Speech"
"S1246.wav","Filler|Sniff|Speech"
"S2333.wav","Filler|Laughter|Sniff|Speech"
"S0659.wav","Filler|Laughter|Sniff|Speech"
